,LAC_001,LAC_002,LAC_003,LAC_004,LAC_009,LAC_010,LAC_011,LAC_012,LAC_015,LAC_016,LAC_017,LAC_018,LAC_019,LAC_020,LAC_021,LAC_022,LAC_023,LAC_024,LAC_025,LAC_026,LAC_027,LAC_028,LAC_029,LAC_030,LAC_031,LAC_032,LAC_033,LAC_034,LAC_035,LAC_046,LAC_047,LAC_048,LAC_049,LAC_050,LAC_051,LAC_052,LAC_053,LAC_054,LAC_055,LAC_056,LAC_057,LAC_062,LAC_063,LAC_064,LAC_065,LAC_066,LAC_067,LAC_068,LAC_069,LAC_070,LAC_071,LAC_072,LAC_073,LAC_074,LAC_075,LAC_076,LAC_077,LAC_078,LAC_079,LAC_080,LAC_081,LAC_084,LAC_085,LAC_086,LAC_087,LAC_089,LAC_090,LAC_093,LAC_094,LAC_095,LAC_096,LAC_099,LAC_100,LAC_101,LAC_102,LAC_103,LAC_104,LAC_105,LAC_106,LAC_107,LAC_108,LAC_111,LAC_112,LAC_115,LAC_116,LAC_121,LAC_122,LAC_129,LAC_130,LAC_131,LAC_132,LAC_133,LAC_134,LAC_135,LAC_136,LAC_137,LAC_138,LAC_139,LAC_140,LAC_141,LAC_142,LAC_143,LAC_144,LAC_145,LAC_146,LAC_147,LAC_148,LAC_149,LAC_150,LAC_151,LAC_152,LAC_155,LAC_156,LAC_157,LAC_158,LAC_159,LAC_160
0,-0.440452957,0.440452957,2.012487305,2.819899043,-6.828927439,-7.510792695,-2.05532394,-6.396722063,10.33123447,10.99035228,7.43968058,3.629567688,8.312414973,10.57828906,5.075223198,6.111070497,5.823523217,5.990062945,7.781871538,6.227185265,7.635961992,5.542894442,7.277440151,5.321080749,7.146469351,8.148032566,8.700733212,8.1326302,8.499357595,-3.925768081,-2.630447067,-4.37824837,-2.562008021,9.43300483,11.02558446,9.445168203,10.88149161,8.79905907,12.63327034,8.201953922,12.71220156,6.999613408,7.092117308,3.1823791,3.247896227,5.936911357,6.51795352,9.96868688,5.717650093,8.801881806,5.063683306,8.435972609,5.362492786,3.920844926,4.456712876,10.01593709,9.517959352,8.150232127,5.921990005,11.90650651,11.55905058,11.48945976,11.46436292,7.730402299,8.084263707,-14.22032282,-13.79088269,-9.21124936,-9.219278173,-5.371930921,-5.021074648,-7.558779415,-6.04808048,-7.325844965,-4.428980354,-4.403338834,-5.764423849,5.833723574,7.86313655,-7.284695006,-8.004927424,-8.508594757,-8.510650047,-10.33412823,-9.800535099,4.767630576,5.060833297,10.75660829,11.08408728,5.590550415,8.686137308,4.280097344,1.269166689,2.035855293,4.331858469,12.46885113,13.54417402,10.70738144,12.15412444,11.2928266,12.87432838,9.326381218,7.700591525,5.999397681,5.876583107,10.28003955,9.892464526,7.157971945,9.891444091,-5.160248825,-5.913663001,13.51557958,12.43058432,8.929231895,10.33142357,3.453103147,3.319917839
1,0.862802809,-0.862802809,12.84767011,12.70887495,-1.710788435,-1.732979055,-1.331680586,-1.022486606,2.885053131,1.940595643,3.481435754,3.062642514,6.317179213,4.216006879,6.861124126,3.073127058,3.339747727,-3.52767731,-2.612900155,-3.695877304,-2.572848264,-1.757312895,-1.27931099,-1.303893375,-1.155961742,-0.227732359,-1.531751438,0.034325573,-1.424619319,-1.147858042,-0.920460772,-1.618884726,-0.526618204,2.341077585,2.584476155,3.059704257,2.447126767,1.668781472,0.489032709,2.26056482,0.266324987,-1.642329734,-0.924547026,0.352754341,0.467890929,6.236520865,5.026471253,2.617219577,2.423768054,2.090846166,-0.236519696,-1.50471414,3.115665609,-0.850948375,2.76742686,-0.507044155,1.077951859,1.496608845,0.025524768,5.399247011,5.425428755,-2.409980462,-2.091201899,-10.46102363,-9.696973002,6.515572872,4.065948456,-8.680898187,-9.274962628,-2.16013491,-1.90455644,3.270294155,-2.436827357,-6.713396125,-6.626790223,-3.995522193,-4.166591083,6.075161876,6.588293882,-3.603786789,-3.964883039,-7.379023568,-7.33104047,-4.44675522,-3.91134621,1.060535265,0.710557961,2.702103721,2.196760289,4.446115716,5.229035663,1.484917108,-0.841127753,0.512691862,1.266826328,4.282137957,3.639296448,1.865154644,1.498956324,-1.367624691,-1.079331265,1.589953939,1.037672649,-3.094534292,-2.839582906,3.13351044,2.096314159,6.086148984,4.413189677,4.485468097,3.684306154,-1.844244099,-2.198732799,3.901573078,2.09584473,-1.281533967,-1.552487216
2,1.145069327,-1.145069327,-1.351787742,-0.770831625,-1.499860648,-0.54161466,-1.169851097,-0.422506821,-1.698877578,-2.805584927,0.180300025,0.134326455,0.612678876,-1.989496534,-1.823146267,-0.640197441,-1.639046208,0.352377314,-0.991403333,0.442782618,-0.459485362,-0.435668516,-0.867135777,-0.819309319,-0.770810619,-1.045474043,-0.619893914,-0.983456063,-0.830659708,-2.928867798,-1.261618437,-2.960909805,-2.025428879,11.58343467,0.982467451,-6.859881291,0.257724569,-0.28873574,-0.345963209,-0.553817182,-1.313853559,-0.577336844,-0.701690191,0.255593631,0.396865911,-0.954511356,-0.486671507,-2.45282179,-1.811230005,-0.953235921,-0.784018086,-0.002760455,-0.514460343,-2.960702763,-1.090786222,-1.285602815,-1.972636762,-1.925825542,-1.670828699,-3.499618837,-3.081811171,-1.19588253,-0.878409545,0.555473874,-0.610133727,0.401645414,0.201473547,0.021312828,0.451556505,0.5805993,0.799337813,1.760445377,0.211284901,1.267499432,0.78372653,0.441297204,-0.029592401,0.408078495,0.490680141,1.00789042,1.981804678,1.336659241,0.275006241,1.042399403,1.46308746,-1.405679838,-1.766922412,-1.694182645,-1.144337883,-0.187240985,-0.131898191,-1.798319296,-2.318105507,-0.237397091,-0.937410348,-0.87899015,-0.815596366,-1.275696323,-1.627495986,-0.52553789,-2.339745464,-1.104768228,-0.750824636,-1.53756176,-0.692473815,-0.729416995,-3.058931597,-0.781390979,0.012938112,-0.822055686,-0.136076439,-2.435038666,-2.93145327,-3.324827395,-4.893207949,-0.963134906,0.158708052
3,-0.329670663,0.329670663,-3.088204112,-0.64052353,6.411757868,4.716515056,3.100269279,2.832632229,8.438117841,10.529123,-1.123195787,-3.15728573,-0.961898679,-1.08175579,-1.684024379,-2.009467946,-1.53739977,3.236177562,4.104566275,3.551943773,4.248450253,2.10344192,2.228001125,2.865014469,2.221152711,6.061074042,4.519550949,6.025683479,4.666434677,-1.921059723,-1.136753099,-1.895421234,-0.622895303,10.29012192,2.812916958,9.79985338,3.035264814,7.158309066,9.26975283,7.309748217,9.365829942,0.848783945,-0.381705991,6.625317648,5.111925743,1.040125162,1.332292989,8.024713074,7.620631871,7.395526992,9.352802531,7.806106052,5.37400831,1.17561257,-2.303462296,9.662877899,8.406274558,5.255162672,7.182788283,3.457001574,5.579099619,4.621877528,5.000799913,7.01677822,9.590711061,12.26534247,12.13060262,7.850622041,8.518378197,6.664268993,5.888743335,2.984364465,6.415788658,3.340998469,3.626184998,11.62749477,11.55191625,-0.710633081,0.8424876,3.833043004,3.662753523,5.04804813,4.756632186,10.50633446,9.562318837,10.41133262,10.34004024,1.676458636,2.278788348,3.205817104,0.876193579,-0.371778323,-0.208345477,1.013359224,-0.347163315,5.751233782,6.080077926,7.417205027,7.449716602,10.0981297,10.80314584,3.273520737,4.434634298,4.219228015,4.221095411,1.019790324,2.969464912,0.246938892,0.096443661,0.533445206,-1.076853706,9.442113163,8.298773509,2.160395862,1.727983496,2.225521747,2.068977562
4,0.149502256,-0.149502256,0.247565878,-0.20785247,-0.266114248,0.263051629,-0.45661635,-1.013942391,2.085016474,1.611566439,-8.57213498,-5.924650076,3.854829421,3.679008963,1.288298292,1.750825449,1.394190068,2.08186906,3.948232441,2.110443557,3.367954663,2.200303708,2.745350905,2.047822625,2.622776509,3.266143894,2.848404797,2.97793007,3.006853686,-3.1881851,-4.280460319,-3.582149069,-4.366851208,-0.204155719,1.542639566,-0.193546866,1.761660918,3.149064265,2.658602362,2.784044259,2.543192051,3.053063094,3.068306501,-2.895540047,-2.546931996,-0.175107688,-0.665069879,0.804933151,-0.082548326,-0.46236155,-1.853601198,2.221790505,3.808494396,4.518349639,3.990996037,2.089428939,2.375891927,2.134938561,2.307264147,3.024538759,3.944571262,4.054535415,3.399166303,5.579321736,4.872384299,6.537825918,4.051471,0.134027022,0.029923955,-0.747706011,-0.343019217,-0.575142234,-0.187099885,0.29492571,0.050446121,3.97567396,4.28745759,-5.393030378,-3.061814198,-0.953480067,-0.821406506,-1.94587014,-1.840878693,-6.528505428,-5.679121065,-0.851569732,-0.920844216,-3.47985855,-2.262654014,1.989781017,3.337195419,-4.015110901,-3.975965675,0.448674367,1.524528127,0.270075812,0.754414822,1.163377506,1.055232559,-3.270540656,-5.497772468,-0.270496452,1.525632291,-0.441055995,-0.611995873,2.377806416,-0.056546084,2.681839663,3.885403255,-0.514028566,-0.054655897,-3.629193021,-4.609769545,-1.798894899,-7.4177943,-2.702672891,-3.80924271
5,-0.341813336,0.341813336,-2.211886591,4.050705291,4.159590479,1.314348469,1.233497759,3.04449304,3.90962712,-0.878534182,0.459929674,4.671799949,-2.109877999,1.826873893,-1.956728464,0.895267254,2.042298132,0.537086331,0.865995208,0.81714694,0.846800937,-0.162289003,1.899522008,1.422580453,2.114600596,1.787905196,3.453292318,1.540307802,3.697782125,-0.115376924,3.967601864,2.156712796,3.663826707,-0.636492823,-1.659878182,-1.109381182,-1.111252926,2.239843718,2.360378725,1.601078579,2.561580294,0.261998485,-0.061833014,0.021439678,-0.273663332,0.434682322,0.513548319,1.54323698,1.674809502,2.699984415,0.115955563,0.624746578,2.404520832,-0.461227507,3.800858174,3.381275458,4.356000234,3.082398038,3.363968173,1.197277899,2.590975125,2.273121369,-1.183616056,2.215666431,2.309332196,-2.640698537,3.126460609,3.146100188,2.90602803,2.912019732,2.497409331,3.048335771,2.431539778,-2.185981967,0.014537234,-3.400571779,2.568537409,-1.130145586,0.922733914,2.510084566,3.762851406,2.465566183,3.447316583,4.722481913,3.920288329,2.225364236,1.295329457,-1.536468003,1.228630026,0.707784302,-0.201009963,3.1678361,-2.338507721,1.940544257,3.865278524,3.126048729,1.168955524,2.378021757,3.902266322,2.349473994,2.775986784,0.483912043,2.301801105,5.900129324,3.592985249,2.62381139,-0.277984216,2.901543886,3.809348908,5.704045543,4.121720064,4.365943522,5.130724279,3.681300768,5.394111566,2.23251113,5.106162857
6,-0.93060215,0.93060215,8.733895017,11.55107509,-7.711638687,-7.121013597,0.116868398,0.932155266,16.82142588,16.07509695,1.382807156,3.522413602,15.02733901,14.25940083,7.191970157,5.189849632,4.981543807,2.091053511,3.418832023,2.0494344,3.16321584,0.022800311,-0.177036232,0.253086801,-0.332748306,-1.318911267,-2.38066654,-1.345575451,-2.249290591,17.46264227,16.98108858,16.99218809,16.83157462,26.9216348,21.72569766,26.68261694,21.74565399,13.1197014,13.53825843,12.83792312,13.41821933,3.978137193,1.793299327,17.06852971,16.13254662,9.830088239,6.892219082,5.854918045,5.119931467,7.742970746,7.799240117,13.27557672,8.523260643,1.365911223,1.90941369,17.80917315,13.9093735,15.7761974,16.33490422,19.0429757,17.8688101,7.855405193,7.154969845,16.08400445,15.6563777,4.334009331,2.386190734,29.19654534,29.19817389,28.32247771,28.93788791,28.99631102,29.99024379,24.20646953,22.73380527,5.54849815,6.010605736,7.293153599,9.95163566,28.55378269,28.51218967,26.95233226,27.0434755,14.48448716,14.75850306,22.66627886,19.02375817,20.53291271,21.17871821,20.98799804,20.54505461,16.54826244,14.99011999,13.11769157,13.06707796,11.40347088,10.94826297,14.71842387,12.50733179,14.9026869,16.56385167,16.53520691,15.41086191,16.23901621,16.3995321,10.7562173,9.333674234,19.20016264,20.02648803,16.23831461,16.77387036,11.79824214,12.483294,21.04127995,17.12776861,10.71427154,8.62048117
7,-2.804441202,2.804441202,3.943781989,1.865508529,7.872569543,9.711146654,2.56185882,3.825379523,-0.029990476,-0.351411346,-0.401474347,-1.214201737,-0.41158594,-1.779072654,4.777474501,6.200655692,5.996354913,-0.49635516,-1.222661401,-1.409150721,-1.436816348,-0.492976615,-0.979293245,-0.818130927,-1.23892409,-0.987278744,-0.053712966,-1.139279982,-0.242254744,-0.308217273,-1.068828334,0.002421828,-0.716598545,-1.431138376,0.3695955,-1.248614085,0.126045394,-1.856647408,-3.425849652,-2.122017726,-3.468304311,-3.252942986,-2.719497179,1.668871267,3.743153587,2.636286205,3.075475268,0.779715083,1.795675796,0.091498353,0.094194303,6.994277881,5.638219976,-4.211180862,-4.591607346,-3.06336151,-3.153916242,-2.375486559,-1.918808921,-4.749851306,-3.626469691,-3.828509877,-2.766929926,7.031128824,5.854089264,13.57837234,14.88767011,19.3338151,19.68525487,18.29959358,18.18690608,16.68597881,18.88547584,17.95356514,18.07485112,16.29569242,16.13230898,-1.12562998,0.179186316,20.97904387,20.59859995,15.00813739,14.87490366,15.49941436,14.97474561,-3.057947789,-4.54552991,-3.025030591,-2.985716901,-2.499121613,-3.766615736,-1.984822922,0.044990238,0.978111093,0.613445172,-1.65038345,-1.182804801,-1.315622335,-1.563543349,-4.577665038,-4.369839579,-4.317167569,-5.078190753,5.788914798,6.38765184,-4.769989815,-4.486963986,-3.77775461,-4.328641319,2.832642943,3.494216061,-5.316763457,-5.390296333,-3.829986537,-2.311761422,-0.074097992,-1.201505855
8,-2.106427883,2.106427883,0.041657769,2.206149296,0.529044373,-0.058616321,-1.419636298,-2.14218749,1.870788516,-1.267382037,4.031824949,2.219055114,5.428112216,7.306196002,4.932784923,7.909992569,7.425321104,3.269386291,4.639904713,3.628417968,4.92801215,4.997847086,7.21352838,5.031511189,7.364412357,5.543834299,6.616273878,5.836067314,6.864592115,1.380536345,2.088018891,1.812478575,2.304365537,28.80300778,32.46221952,29.01913232,32.41852265,2.157443642,5.645441857,2.821202873,5.828461599,5.134619968,6.477642971,-0.513758039,-0.019533772,6.307196033,5.684761106,3.978580665,2.69520266,2.209602577,0.080255753,1.260223489,1.58521242,1.424752066,-0.196247727,5.278298041,4.094817629,3.412986792,5.138399493,4.119072995,2.529052934,7.37501918,7.469462939,10.5841046,7.526864705,-0.320035848,2.001594624,35.29588673,35.54633983,32.3406647,32.29522353,36.46589411,36.12165442,36.39965134,35.15362374,13.51283009,13.77774398,-2.911517749,-3.337351094,36.36159168,36.34942587,36.56113508,36.65357819,28.87529918,28.12287307,4.598436532,4.758943459,5.20298404,4.555996375,5.029994114,6.675219242,5.450760241,6.733540524,13.2825763,11.72929052,5.159597855,7.598540821,4.412218788,5.062106841,4.041450721,4.40974484,27.97572389,27.94481035,17.64204141,17.42513979,6.806560964,4.565635261,7.679390988,9.040746584,1.867054235,3.03459343,4.442230174,4.788544618,1.100640536,-0.439419245,-0.091089718,0.582832175
9,-1.523270862,1.523270862,-16.66936886,-17.17763399,-1.475539981,-1.919169318,6.243210979,4.554735621,-14.56958281,-13.53695488,-8.495763067,-2.937108356,-10.08874406,-9.415031445,-10.37572624,-9.227448864,-8.881141304,0.422409689,0.350672258,0.393690751,0.063438333,-3.563297264,-1.483208608,-3.500956353,-1.41299676,0.305044261,0.846715126,-0.143425393,0.713199593,-4.67371444,-4.345381402,-4.670027182,-4.690246057,-5.325809067,-6.112392688,-5.21839025,-6.315052716,-17.48708213,-15.52631166,-17.30746328,-15.36866975,1.932270609,2.217875417,-9.879203813,-11.32378712,-16.97255487,-16.57998462,-17.15195712,-17.27048049,-17.72787997,-17.87663882,-17.7906986,-16.99467172,-14.72285734,-13.51643205,-16.98800182,-17.99580238,-17.67089107,-17.13687281,-11.49225768,-13.80731243,-5.401185302,-2.632427686,-12.4981843,-14.55373922,-3.741068468,-2.766275801,-1.404395324,-2.141434764,-13.29069453,-13.26858189,0.97793747,1.350733538,-16.35215498,-14.9658625,2.166993556,2.16042443,-8.563875669,-10.35172652,-5.668160353,-5.217091183,2.329240265,2.704641875,6.948989149,6.380563863,-12.61920629,-10.86713208,-13.149101,-14.22246081,-4.414048464,-1.635486394,-10.95039241,-9.482291704,-2.450840506,-2.48256223,-1.382069082,0.752230898,-16.52754538,-16.44426213,-15.75555212,-17.30233504,-1.344641251,-2.416776734,-5.076842539,-4.667254529,-5.463528211,-12.99972735,-0.181758998,1.636726413,-9.995178689,-7.942368742,-16.08711032,-15.8081174,-15.58439763,-20.09440737,-6.760688997,-4.651837037
10,0.760910721,-0.760910721,-6.074595572,-8.636116404,-12.47801453,-12.46160714,0.227186462,0.976495109,1.022374014,3.243139049,0.452061321,0.105417368,-5.354882142,-0.459329606,-6.233647317,-2.440862673,-2.30759155,-1.840459899,-1.321081931,-1.641486445,-1.503708293,-3.472270968,-2.888859298,-3.498243845,-3.114746398,-3.439139697,-3.460795054,-3.642255739,-3.899204311,-0.845872869,0.056078365,-1.111668927,-0.668196712,4.999670849,3.193463585,5.272104019,3.037983931,-6.977248797,-0.60592488,-7.050830478,-0.977834432,-3.792249254,-3.954603026,-7.2513227,-6.262974536,1.742036476,3.339122162,-3.14832582,-3.148277508,-5.966062291,-1.876378819,0.587267126,4.199752772,-1.895899966,-0.711008358,-0.595036435,-0.53433354,-4.730613206,-3.663708692,-4.845571691,-1.570410058,-3.786689672,-3.902455465,2.423625223,3.406823056,-1.212736573,-1.565042947,3.712696067,3.950459071,7.718310047,7.336453002,4.739143854,5.525888069,3.109858451,1.684778471,-6.446598671,-5.233278599,0.979165979,-1.338026838,3.356367852,3.109287041,3.309535503,3.505881837,3.946336612,3.764474896,-11.72329671,-2.888696112,3.247628904,2.811914765,-4.919597903,0.910765734,0.715739699,1.069244149,5.807374527,6.062253826,-7.681581867,-0.628198564,-12.11830912,-7.211349087,-1.173196039,2.325533134,4.746190524,4.991391163,1.013322664,0.433776565,4.12656001,4.127291435,-6.191495482,1.331107855,-6.372108927,-0.560852622,0.07246199,1.914537593,-4.938043279,-1.756474477,-10.13536404,-3.408992874
11,-0.615707531,0.615707531,1.842958244,4.202524304,2.348978837,4.649618222,2.246073526,2.788952594,4.320040158,0.748348016,8.317057926,6.516485246,1.683996119,4.699089299,0.476861108,12.51102906,13.46238685,-2.702519724,-3.974063473,-2.627265641,-2.336783867,-2.420466739,0.202260811,-1.786863381,0.437195882,0.305456931,8.799608286,0.30719647,9.292235673,6.915886567,4.707933405,7.437957946,5.594290838,-0.27344272,1.574236039,1.955709491,1.604243692,1.165202943,3.288374032,1.978365797,3.955665269,-1.156424239,-0.113660188,0.997198804,0.782304878,2.79397362,5.256434169,7.681863886,3.276074093,0.19398794,-1.398047087,-0.794976745,-3.527401575,9.570643843,3.95427766,3.579025364,5.176780654,6.428317815,6.969363594,4.14413162,1.987296778,-0.361391419,4.38122071,2.874267071,3.550599385,8.50092051,7.753901299,2.769435882,2.933821672,1.716032454,1.636728447,2.049942203,2.030564346,4.606886008,10.19100869,7.556448526,2.866353945,4.06125939,5.056290293,3.533682918,3.249989945,2.547201676,2.630954039,0.813452393,0.703269452,0.448903406,-1.059133321,1.209436755,4.617760656,-1.36781785,-1.053586308,4.672967381,4.364997796,-0.394955556,-1.151753902,0.09750187,1.799370917,0.239904039,-0.387959318,-0.614804706,1.287667746,0.913921877,0.182568956,3.062297987,0.767315602,1.76448507,3.220126947,-2.856281474,-1.179273112,-0.453141442,0.783886408,1.231069078,1.209754329,-2.580263345,1.501230677,-0.193343783,-0.277135241
12,-0.049678138,0.049678138,2.752667519,2.234630623,-1.083386333,0.302729649,-1.7633362,0.617568404,6.060429426,6.244230427,-2.137782911,-1.149077944,2.120016396,2.000143281,3.26115031,2.29069318,2.485670631,-0.581897405,-0.625502424,0.043643565,-0.622367165,-1.591452275,-0.968683428,-1.493680734,-1.199438458,-1.643711064,-1.135712266,-1.867145871,-1.650025103,7.521516334,7.221434456,7.636451125,7.026289588,10.4930048,9.112497719,10.15101135,9.016541228,1.188599701,0.144898159,1.467658645,-0.004165088,0.503735368,0.837305754,20.72996122,22.72306292,4.449200503,4.419186915,1.212285533,2.207052841,-1.253724844,0.372745206,8.436272768,6.548965774,8.129791355,8.77139001,-0.283637667,-0.307135666,-0.557185542,-0.008041702,2.448924847,2.20343713,-1.229340792,-0.881203693,5.238790837,4.664266045,-0.68385138,-1.81357636,-1.162184825,-0.800470448,6.875840657,7.025990532,7.978895128,4.236670968,6.28182495,6.115868872,8.966410693,8.927348964,11.19783912,11.87056589,9.134446394,9.280443475,8.306775841,8.430907479,8.837180376,9.335580191,-1.253755622,-0.40588284,3.474119872,3.6353317,4.428216613,3.697560952,5.567457033,6.709386939,6.905523553,6.099765288,1.41484417,2.237257665,0.020280875,0.54437831,-1.309706101,-0.012873582,5.320925454,5.872590355,7.209567307,6.837400028,2.200987618,1.059476284,3.350437781,2.294147188,7.173407565,7.43137747,-0.750618081,-0.563053639,2.233407077,2.393810424,-0.840293477,-0.160222609
13,0.039576547,-0.039576547,-3.219385781,-5.939412704,3.570738814,3.484358658,-4.764419709,-4.354838184,-11.10509492,-9.735614743,-4.106860584,-1.678462964,1.583767077,2.284398573,1.569486921,3.385588291,3.510393827,-4.223190572,-6.033063393,-4.400877955,-5.839922961,-3.957888479,-4.422861037,-4.048566675,-4.204160542,-3.203899424,-4.371341986,-2.790900462,-4.112503148,1.082147205,-0.052531277,0.926416984,-0.12472026,-5.311614346,-6.676445846,-5.041481308,-6.410992054,-6.265947719,-4.702787921,-6.486494542,-4.705351098,-7.137396871,-5.797517056,-10.14766714,-7.537839934,-0.831042863,0.771526295,-4.655122615,-3.693620384,-7.516911805,-5.897244431,-11.12457719,-10.30207565,-5.236913275,1.621075037,-3.668254961,-4.044962387,-6.86252182,-7.055660528,-2.790039721,-1.120263601,-7.191749323,-6.517502577,-9.789027675,-8.509269845,-6.311744083,-5.306963845,-12.93281716,-12.87291006,-9.753163424,-9.981961201,-14.48898352,-13.03501584,-6.695709659,-7.144611712,-0.183227311,-0.019716584,-18.99288955,-19.15194551,-5.67912329,-4.63406453,-6.427528928,-6.125089033,-2.166746188,-2.428005236,-13.84939787,-7.634458799,0.810370648,-0.269376361,-1.176753362,3.365457389,2.673867755,3.083460208,-3.741553299,-2.34069419,-7.737865376,-2.262471071,-5.132341386,-1.019456778,-6.932818427,-5.154647491,-7.625836197,-7.423637189,-1.108121296,-1.086940385,-1.816901887,-0.605575605,-0.045663048,3.891673089,0.808105543,3.361924926,-6.145641704,-5.600754635,-5.02622059,-4.430482563,-6.494213707,-2.286582003
14,-0.156494107,0.156494107,-2.091557647,-1.083065779,3.125920187,1.434244195,1.027032837,1.191751561,4.412682738,2.787026299,4.361752236,4.34790338,1.333506356,3.15583514,1.159814143,3.652773548,3.716542619,-0.267579792,0.42482454,0.559476857,0.53308904,3.48615912,4.193413228,2.838103246,4.204272772,2.853036388,4.540615187,2.929399118,4.235756542,6.622722149,7.377947486,5.836574282,7.015390681,0.048346299,2.525708045,0.485395469,1.922230717,4.382998341,3.362532585,3.432260734,3.197568236,1.136418761,1.666961444,-0.144854416,-0.249941292,7.834907866,8.027232203,6.155753658,6.238977697,13.93968214,9.969011914,-3.898814027,-3.161579475,7.11804991,5.148939682,2.768238598,4.569729985,3.596330603,3.710052261,2.437441909,2.491552428,0.897661278,1.008253761,-1.759992448,-2.440385035,0.486715655,-0.617094879,-0.057443453,0.213816008,0.809354217,1.168818268,3.939233652,2.780375747,2.365391049,3.231431787,0.425131328,-1.747144502,2.553923154,3.527323807,1.399707452,1.361129241,0.037819996,0.669755351,-1.24320826,-2.117419416,1.29952282,1.369382777,2.571925542,3.246566105,-1.105585376,0.355553958,6.210718525,3.370637759,-1.219131219,0.883632243,1.788277907,1.939978381,0.929464556,1.022156662,1.97150386,2.569776089,0.73562949,-0.264024377,-0.750123419,0.232176516,0.122523015,2.309090767,-0.261454002,0.511201272,-2.389197615,-1.426372387,0.616333941,0.60871834,0.06058711,4.279372301,0.462098163,0.048754036
15,0.001891698,-0.001891698,1.195110638,1.376496496,3.109988353,4.182212113,8.959683486,9.335768615,4.03674794,2.998674385,8.112286576,6.401787192,-0.405127517,0.622244558,0.012572586,0.162213552,-0.025216645,4.340984417,4.637864597,4.283718876,4.615835743,3.54344994,4.050545771,3.233383337,3.733149943,5.27280374,5.544752192,5.174248604,5.118693128,0.914324216,0.28571606,0.933341377,0.273897598,-1.360435449,-1.080898072,-1.079431988,-1.309763612,3.810783612,4.017051391,4.045461411,3.975733366,4.112933993,4.67843335,-1.423202778,-1.531949947,4.488810515,5.65926278,3.197176004,3.755812014,0.603373367,1.300696499,-1.416380114,1.073808911,6.453687024,5.884595719,1.417646142,2.017477308,-0.202759408,0.03130987,1.846855209,1.895350154,3.781059336,3.114632128,2.422599834,4.228628522,8.070222796,8.214768706,4.428699175,4.323595205,8.249796348,8.012729798,5.762325539,6.501097158,8.785133318,8.129510704,11.86374407,12.16480421,-6.374849765,-5.795239138,-1.490253383,-1.057504225,7.575415868,7.509569373,10.30747552,10.49417406,0.60991106,0.631006001,3.091455698,2.044360868,2.115557007,1.906516604,3.080072935,2.912833329,-3.213431512,-2.092184862,5.190214737,5.680101679,5.624066287,5.58724089,4.255840112,4.850513362,-0.320448847,0.062987285,1.924311419,1.610784662,3.212255472,4.95654161,3.814946008,2.937076836,-0.897046657,-1.188890455,3.877290624,4.334888792,4.027519749,3.500997957,2.280607956,2.751385896
16,-0.520641201,0.520641201,1.811504986,-0.02990517,-1.816677793,-5.03288971,-5.118018927,-5.137018752,4.689217929,5.40232704,-4.917049473,-4.786699358,-4.893740959,-2.790798045,-2.777684352,-2.007768292,-1.599740225,-2.568982744,-2.128420586,-3.674708546,-1.674162185,-4.981880625,-5.011398597,-4.858735342,-4.586511782,-6.810296486,-6.625594714,-6.200879418,-5.674235491,-4.346323959,-2.886978518,-3.756950411,-2.494872573,-2.152615435,-0.029951677,-1.976972922,0.500656123,-1.142108199,-4.168761696,-0.759488234,-3.978302419,-3.697333619,-4.87692559,1.11959172,1.064237186,-2.031682276,-2.293904328,-7.530511418,-8.67275912,-2.035791949,-4.596943036,3.207357791,4.918890575,-0.146316777,6.685898404,-0.882006518,-0.721842277,0.278541448,0.454033335,1.839862669,3.706335726,1.718607468,1.369486274,5.911845809,10.70460412,2.527121671,4.260718403,-0.573023736,0.576801637,3.351320258,2.436065609,1.743412117,2.328573857,2.687278113,0.938671582,7.08167449,5.837022706,4.911451646,4.74672659,1.971162766,1.892709359,4.307745986,4.024620499,5.96762227,5.009529344,6.437282411,6.959718607,1.954690172,2.93007976,6.556405607,2.155657496,0.492405532,0.545645815,3.164913964,1.683019609,4.019147646,2.753859709,4.158324401,2.882547755,2.970010659,2.569121335,5.07457065,6.402143487,0.855152642,0.751309056,1.908269152,1.009516055,0.17304007,-0.08060471,4.847578348,4.012789405,-0.269016624,0.871068578,4.639645462,1.559413243,1.856444271,-0.130077018
17,-0.583889207,0.583889207,-5.082592055,-5.841722867,-2.376016791,-1.135747643,-2.244748806,-4.172036056,-1.455771218,-0.73151344,2.641159114,3.100303977,-0.798207944,-0.436185747,-1.424717553,-1.279369346,-1.985917318,1.863705834,2.448455382,1.698008363,2.534422444,3.065589432,3.165670428,2.804065951,2.992085603,3.715106152,1.771007279,3.656877165,1.459990251,3.003533563,1.26548832,2.868215072,1.316115213,-4.002799787,-0.296369588,-4.867964663,-0.212742332,2.762144071,4.842936312,2.095100352,4.567136758,2.097313421,1.941798588,-7.005875233,-6.935599498,-2.972025559,-3.077955441,-0.548679116,-0.410407929,-3.97274238,-0.535701674,-5.596259604,-3.48959537,2.45420347,-0.179883308,4.52360766,1.764230392,0.578353212,1.807043245,-0.881639505,0.197792493,2.897683813,2.776984204,-6.208579443,-7.753407617,-13.48926286,-14.73311955,-7.749851002,-8.266005666,-0.249592975,0.016281956,-1.140708761,-4.381094879,-7.909937327,-7.574008312,-5.590172177,-4.391599784,-1.409467053,0.394792538,-5.117407193,-5.237152199,-7.398250037,-7.653769959,0.101113619,0.836003956,-0.693571507,0.433583054,-0.214675968,-1.492561795,-2.676574978,-1.327606268,-0.424631128,0.423157871,-1.136674749,-1.581229843,0.692358055,2.184404888,0.912062327,1.695967711,1.756312794,2.013194591,-1.491428441,-2.955523045,1.793357921,3.307776142,2.540967086,3.438868562,0.720659729,1.106472935,-4.284396812,-3.647470618,2.518771062,2.280059351,-3.411043285,-5.853816875,-1.623371571,0.304116906
18,1.795816091,-1.795816091,2.665023955,1.594006654,3.056999601,2.63668771,0.798660918,1.262914288,1.896110008,-0.249737979,3.353891868,4.274459116,1.191720462,-1.897760695,1.958114891,0.7894945,1.04967278,-3.143085719,-4.642812898,-3.067566834,-4.942667545,-2.108003213,-3.659148641,-2.017354614,-3.46472037,-3.818515569,-2.963457861,-3.505739143,-2.550109549,6.953068711,6.878374852,6.675626859,6.586394496,6.797776925,4.048453776,7.123443657,4.148764519,1.723094564,0.046002234,1.662846821,0.278321435,-3.833219672,-2.86623285,-1.769999155,-1.545795385,1.469680849,2.423690362,1.12072752,1.968726983,-1.101250205,-0.271110063,-6.622536612,-6.970729611,2.613634139,3.24077785,2.067605211,2.858169019,3.331172645,3.250688333,-1.196982899,0.182420573,-5.944796841,-6.360111608,-0.987288819,0.258113977,4.694042098,4.735315654,-9.292170575,-9.439975516,-11.19269911,-11.36408194,-10.71650241,-10.14254313,-7.431803796,-7.112831609,4.127011121,4.374912933,2.61163665,1.293896566,-6.528756986,-6.011054258,-4.643801744,-4.566917212,-2.961549291,-2.432771583,-2.366491672,-1.806647064,2.568714644,2.633098265,0.130238734,-0.551389496,5.089149147,4.096998378,-1.923156556,-1.081738227,-4.931860188,-4.261531857,-3.821095648,-4.775540276,-2.49211275,-1.337963437,0.643036551,3.714362687,4.217647872,4.618582048,-2.682967851,-3.456245771,-0.994234413,-1.79748131,2.517768831,3.46647471,-3.93721566,-2.532649138,2.42925335,4.511349276,-0.849390551,-0.657223438
19,0.212365854,-0.212365854,1.80797021,1.22728716,3.952803873,2.266633364,-0.732551307,-0.783872875,-0.196771744,-0.577529966,0.58310414,3.889583715,4.79162493,5.180392112,3.669978552,4.968153676,4.92923975,1.510797766,0.508114201,1.678038526,0.706880009,1.725243952,1.049514737,1.5897986,1.058792423,2.025389665,2.863454926,2.493171764,2.945463404,6.730438416,6.062767524,6.342772238,5.63050632,6.673617729,6.967656074,7.107734948,6.705276276,2.227508369,3.543316534,2.403789333,3.751217711,0.304219912,1.005310345,0.211542642,0.54873048,3.071991284,2.967221697,3.504760959,3.169699553,2.165232883,1.895436549,4.53627547,4.488835389,5.329976184,6.882763615,3.291254308,4.304785912,3.386938568,3.284763875,3.589311639,3.353721649,1.206269356,0.877996831,5.750890939,3.466114678,2.840510027,4.729583966,0.445226319,0.830986234,20.17298651,20.44446727,1.066561829,1.477462138,6.421081656,5.840893513,3.873542753,3.332378021,2.450388036,1.333363451,15.9551005,16.12603989,13.48494501,14.0137982,10.42184153,9.890076002,0.152561294,1.503722629,4.856382728,4.227570666,3.90586425,5.782237199,6.938895432,6.905696584,3.842807489,4.280420324,-0.125875818,2.100827734,0.244487546,1.461884704,3.670253444,2.840980518,4.409946488,4.468446914,3.583231718,3.843215893,5.101755717,3.792777214,3.752103739,6.300200112,3.416793473,5.22999887,3.137486347,2.843271756,3.879429926,3.514219135,1.284201139,1.711503441
20,0.564342987,-0.564342987,-7.776571831,-12.57941279,4.511279169,3.651047169,3.596680318,3.953705799,-16.39970259,-15.38956862,-13.95972522,-14.51914932,-15.43126281,-17.84194666,-12.97115628,-13.94588318,-14.07054553,-4.979368342,-8.120853103,-4.842145708,-8.139141694,-4.025773438,-8.135511019,-4.205123732,-8.221571117,-8.403697923,-10.16590533,-8.244517801,-10.38325087,-14.69460847,-14.96681718,-15.13145198,-14.79554622,-27.62373702,-25.87023911,-27.54538899,-25.94592896,-12.90256884,-17.04576664,-12.666811,-17.05921073,-6.659626686,-6.234618447,-10.68074812,-10.87432254,-11.13516777,-10.02774532,-12.23335742,-9.285670596,-8.798824307,-7.807613981,-7.527040551,-5.423901999,-18.01578051,-10.94195893,-19.73905236,-13.82944791,-12.57733123,-14.64420895,-19.62510104,-20.97635856,-16.1283578,-16.80277429,-3.543433388,-1.455740096,-13.2718307,-13.62515084,-28.79204327,-29.5070699,-28.59678159,-28.91415466,-23.10640213,-26.54139162,-27.84731332,-28.77434716,-8.476723793,-8.267164128,-12.40293401,-14.86260842,-26.37811202,-25.69564969,-23.08950664,-22.60989011,-10.35497991,-9.497978705,-13.95607582,-16.53286211,-14.90309148,-16.4637688,-18.47889789,-17.04788218,-11.91214852,-10.02969578,-12.21865561,-11.77060109,-8.836189551,-11.90869894,-12.56489094,-15.45279022,-11.67140592,-15.59811026,-19.22550864,-17.01491883,-13.06264985,-13.23914401,-10.59517409,-10.06543706,-18.00163694,-16.40929125,-2.804708004,-3.645075141,-12.11602113,-12.43308491,-18.08368338,-17.38469148,-4.244611482,-6.654274172
21,-0.318817698,0.318817698,29.22689723,31.21746795,-0.78260839,-0.510599828,-4.399651341,-4.99002886,23.62355927,24.40962655,10.15000562,10.34533745,26.1468866,23.42718008,26.42741716,22.64496653,22.2801121,5.034223033,4.741651819,5.15662743,4.900656727,5.599945123,5.706611863,5.443376451,5.538325311,4.890852674,3.961012984,4.561287424,3.504779636,10.17405005,9.854127645,10.00511616,9.534875399,13.58677373,17.2412688,13.30849273,17.12301965,14.24469455,12.93576678,14.00837188,12.88565045,4.387006548,4.958345276,2.245402354,2.253060157,20.83377175,19.2501665,14.07694572,14.45148762,21.40657296,19.41627246,14.58703399,12.98140634,14.86867739,13.23234627,13.13951736,13.37023601,12.88492058,10.11866964,22.72665507,24.3534081,8.110587883,8.715062964,-0.109215828,-0.286291005,0.312659556,0.908614918,-8.543901502,-8.764922155,0.167003305,0.448203539,-2.322208705,-5.112132627,-2.07692104,-2.449972201,17.72868355,18.09419161,2.798113261,3.155087801,-4.219990205,-4.3213076,-5.25541062,-5.097960892,5.902405627,5.619831416,19.17102026,20.51899346,10.92064841,13.12541729,26.38764057,25.4782173,9.430087059,9.725187662,14.22229144,12.09221155,2.600592767,4.302038084,12.68365625,14.86076608,12.25796373,13.6260463,12.77576328,15.57797632,6.840335157,6.844663908,13.96556151,14.20465155,25.30892766,23.65945024,27.46455592,27.76747046,19.72543647,18.64789181,33.16025162,22.13819292,8.558255609,10.05740097
22,0.3416181,-0.3416181,2.939595982,3.290234232,3.682934309,2.090649359,0.290918091,1.164177915,7.140367325,7.776443441,13.74080898,11.04413188,9.0358657,8.950624122,9.027778396,9.178521079,8.672633232,5.293264006,5.340551881,6.438524496,5.442736277,6.974187935,5.937073574,6.999125817,6.362768936,7.103966106,6.455695904,7.426870239,6.297788104,7.113982089,6.944177479,6.462467668,6.697677862,5.920349594,3.804023693,5.435895806,3.738619406,2.430616589,3.969664331,2.766849295,3.97742694,4.577794996,4.472589135,1.036776115,2.100880688,5.224974219,5.39225472,3.081518363,3.68133215,1.819237443,2.91184167,2.408726483,3.176600391,17.50042954,18.09707416,7.504387822,5.573970048,5.16581977,6.231852111,8.0129799,8.307836458,6.299527245,5.380484852,6.053539338,6.405796201,8.941862569,6.917495862,4.03044667,4.443441821,6.644779957,7.003875386,14.67830294,9.489590108,3.682383046,4.085792488,7.001583333,7.448061171,11.21938823,8.688847574,6.909277143,7.487358924,6.814380158,6.316851337,4.260825141,3.955717644,4.344947222,7.740855412,13.80458559,12.02278981,8.960791875,9.410718949,10.49222552,7.966342367,4.585990595,5.609458301,6.131675786,7.258750246,1.866263586,3.649794644,3.87977054,6.172167229,4.285696013,4.565251168,5.168779401,4.099441659,7.500755265,8.821834173,9.102948721,9.294751515,6.593098201,7.880955682,2.97458254,5.313005077,6.783858898,13.50009092,9.188787477,11.73169945
23,-1.50732428,1.50732428,-10.1547043,-10.77744096,-0.027811881,0.701597367,-0.010042855,-1.143424838,-7.258210294,-7.148938258,0.08334721,0.612983455,-5.073537945,-4.612701828,-3.200435393,-3.183284699,-3.189845821,1.042262803,0.615602117,0.584248562,0.612026837,0.565305702,0.456650553,0.324680149,0.490650842,0.883701193,0.549839004,0.813818055,0.491523421,-0.113513749,0.411181003,-0.231517345,0.440579322,-22.9753003,-15.87423934,-22.87911166,-15.94816129,-1.548100472,-3.344953635,-1.597050619,-3.471830445,1.193537499,2.021630817,-5.984595042,-7.920378623,-1.650268149,-1.496134952,-1.262842699,0.351182273,-0.364766758,-1.588078453,-1.360587295,-0.81432573,-7.73295179,-7.888347774,-5.516853269,-3.382544284,-2.646715162,-2.8120009,-8.668578345,-10.51340325,-1.13453816,-1.186224019,-31.05046992,-31.98453321,-3.951816715,-4.76689005,-32.94159002,-32.3985946,-34.56992161,-34.71059543,-35.59366774,-33.10876354,-31.28905161,-29.25514132,-36.64068016,-36.84777668,-10.90309178,-14.50815874,-35.35253863,-35.77099325,-34.84515371,-34.56341533,-36.96349529,-36.59142578,-4.955409208,-6.128644553,-1.626267079,-2.872956971,-6.283988592,-5.779206604,-0.366273722,0.082769978,-1.534105904,-0.444128806,-6.259541042,-7.323900324,-3.138498493,-3.563699803,-2.416582267,-4.611246792,-5.067836742,-4.409648174,-6.526750815,-6.678305677,-6.78511329,-6.211071853,-7.830723328,-7.460616637,-7.05499605,-5.790559688,-5.615816459,-5.308693305,-11.77913989,-4.031543518,-3.841497455,-4.479509852
24,2.137437773,-2.137437773,-2.896358997,-1.319783805,-5.207331526,-5.979527042,1.462019669,1.953725038,2.847267517,3.406425677,4.387332908,5.638201482,-1.084510796,0.568239942,1.523438102,1.885974788,2.081932538,0.351370186,0.542435772,-0.270591896,0.387467616,-0.672907958,-0.060282766,-0.582516838,-0.311203484,0.591120278,1.13690911,0.723685359,1.405519243,11.28475278,11.58667582,11.52315034,11.83318191,14.65638196,13.57960174,14.85668848,13.42108264,1.580712499,2.70961528,1.362066301,2.514890106,0.389319841,0.526746465,5.070355876,6.413981391,-2.094152705,-1.304391233,-1.059740571,-2.599010287,-2.274930569,-1.333059229,-6.049508613,-3.996114509,13.23152009,7.353279904,4.058826453,2.516465876,3.258746337,3.823070005,1.411421024,1.186878928,-0.618036279,0.194530118,-3.537928351,-3.581013167,9.2957134,7.984455838,-3.751582513,-3.424446695,-7.698815943,-7.823496865,-6.112043397,-4.908764159,-4.29743576,-1.588208036,-5.642940733,-5.129752389,3.628003772,4.114161316,-4.330827776,-4.502998055,-4.217788374,-4.150442484,-1.270874339,-0.322652864,-1.635472193,-1.287449157,8.235490539,5.807002499,-2.214471736,-1.935598812,13.32085304,8.615409721,-2.994737168,-2.430911212,2.193035271,3.87827442,-2.757190433,-2.236737568,-1.081641697,1.311689501,6.372271547,4.840000456,-4.40786476,-3.432801534,-3.561847314,-4.765698003,-2.397890327,-2.095887248,16.78531501,17.52600001,-1.218817542,1.452046869,-0.455777445,15.3121885,-1.452431715,-0.373763558
25,-0.730549925,0.730549925,-4.158796528,-2.125700389,-0.404133895,0.406241761,1.977263996,2.042628182,2.69784958,1.610142042,0.869311354,1.030291875,-0.704558628,-0.090801778,-0.391027188,2.543473722,2.259631002,2.091291829,2.692337693,2.800559583,2.54616628,0.759833781,1.152438545,0.809406649,0.960055457,1.189317293,2.894506668,1.420861609,2.783168964,2.233976208,1.034938218,2.293168084,1.975460482,-1.879297915,2.825351658,-1.158599151,2.746531487,-0.743350539,-0.261865751,-1.012136875,0.30282843,3.294708816,2.986292365,3.012529129,3.218767469,3.026190446,2.13686761,0.341489735,-0.814258129,0.15725689,-0.065138098,-0.282159953,-2.730063195,-6.563690208,-7.223956936,1.061357977,0.325391258,-0.40786164,1.255272701,-1.404965479,-1.684343499,2.22683701,3.187156674,10.34543656,10.62585403,10.93175304,9.232320116,10.16602978,9.32695333,2.975884101,2.915079983,-3.400821922,2.699305934,-9.911263742,-8.731678808,-11.60274518,-13.8061178,0.818048534,1.692800095,-2.620230146,-2.787357628,-1.505065338,-1.331530939,-2.406100378,-1.502603571,-0.391521511,-1.886205112,3.508906076,2.576816138,-1.838948648,-0.970123655,4.605988083,7.445292512,8.737587902,8.878419291,0.578510166,1.179056503,1.625753961,0.990586906,-0.661335937,-0.790205801,1.26280303,0.401161836,7.87036665,8.230664897,-1.806499692,-1.479534918,-2.237277381,-2.96375606,-3.202402912,-2.84279963,-1.392270508,-1.024985398,-1.001304168,-5.063621051,1.516284309,1.703910828
26,-0.300811505,0.300811505,10.41304059,9.541443595,8.937457608,7.169987655,0.295709287,2.657104743,0.448668314,2.135148424,2.506449616,4.137484806,-4.24548091,-1.611251347,1.454050421,2.151085724,1.866293868,-2.41254154,-2.068951345,-3.136656363,-2.477266402,-3.75349636,-2.975869027,-3.666692324,-2.845085478,-2.144986407,-2.293043058,-3.197731219,-2.542398062,6.524209816,4.517018461,5.613506692,4.375057648,11.09215993,1.886539765,10.50642474,1.851479681,0.757868999,-0.728245926,-0.074862533,-0.776478929,-2.455784957,-2.312679577,3.314882683,4.430438709,6.168315051,7.282372873,1.578981456,4.246135135,-0.304511811,3.09822834,10.62555655,12.57340744,5.8880268,5.770855501,-1.503335492,-1.723241629,-1.840779739,-0.54335257,-1.809612463,0.024157721,-2.804060342,-2.047820785,6.43132577,7.511469081,11.31603413,11.40845008,4.884044282,4.99705075,3.218215706,3.578165109,4.545049133,4.556280132,2.996798553,2.558417339,2.889620976,2.960879817,4.436907702,3.284765872,2.433521222,2.48694845,2.952915275,2.921655844,1.840781887,2.271380115,-1.037909203,-0.068393936,0.289542607,0.047107494,-3.555626306,-3.939779694,2.606039508,4.573939594,2.839722805,2.462469261,-0.85115109,1.85540818,-4.911993559,-5.390157293,1.186544567,1.410218262,-0.73839489,-0.199851739,9.2158039,9.063171738,3.825412527,7.061011436,-5.106118524,-3.811499414,2.577081387,3.556127637,0.862160197,1.183656366,1.611672173,0.000359216,-3.795525501,-3.106636738
27,0.878539252,-0.878539252,2.538998283,3.053056608,1.025371805,-0.643824429,-1.721929754,-2.445381028,6.804866279,8.363132171,0.7466017,-1.851089974,3.392628479,4.433613996,4.57095145,4.006323295,4.093919078,5.502186121,6.354040947,5.17772541,6.207569238,3.288916891,3.741941203,3.164697262,4.067658614,4.401282,5.254532165,4.222380909,4.642134256,-2.735581694,-2.765903253,-2.815525859,-2.834062914,-2.397240891,0.434753843,-2.220696959,0.639907757,3.279085371,5.531469331,2.963345328,5.774945904,4.642971565,4.749250265,-3.31032018,-4.622543055,1.368894596,0.807513476,3.653709659,2.56207174,3.38517197,3.015894805,-2.924623641,-3.953648175,-5.079246121,1.552115613,5.963228377,6.223423336,4.031169122,3.411631558,4.68513793,5.915132171,6.549845487,6.192778308,-6.396393541,-4.463243103,-3.961317691,-4.242327478,-2.572912886,-1.283759332,-1.058845234,-1.403518741,5.30233479,1.876930782,0.346774755,-0.071087612,-9.093775928,-9.760123459,-2.097976689,-0.702552707,4.926750165,5.145139296,4.198979811,4.369739842,-4.674733967,-4.070202656,1.857021979,4.006551838,0.306876977,2.41311532,3.133348936,3.859942558,-1.487348876,-0.254424575,0.061343656,0.831078823,2.559827738,3.37727417,6.548877519,7.716092694,6.324508646,7.658596839,-1.102791592,-0.835231949,-4.393885157,-5.179469149,2.48161289,3.942061988,3.10504396,3.082115887,0.192705066,-0.696995762,6.965735872,5.667384293,3.178279198,-1.057806327,2.94085639,4.035610256
28,-0.694230117,0.694230117,-4.467719685,-8.020309351,-1.17128643,0.591976107,4.300495142,2.887186697,-3.292852739,-7.44034504,1.726559312,2.619334948,3.718372189,3.183386824,2.176597547,6.620759258,6.718537444,-1.495276502,-1.329310444,-2.095293455,-1.627729622,3.124318961,3.653731444,2.800784716,3.401382331,0.281443389,2.194874044,0.319184437,1.855381766,-2.513133202,-2.964261556,-2.969860161,-2.735155845,-9.620805508,-8.829791912,-9.161582528,-9.264997237,-0.454148614,0.037759692,-0.806328915,0.040477981,-2.075591688,-0.046532635,-7.690659098,-5.54829678,-3.650639384,-2.580682238,-8.160501598,-8.318679138,-5.396014878,-10.88368904,-10.62087999,-9.5551884,3.035245162,0.999474443,-4.819388777,-1.481527384,-4.236163732,-4.426949018,-4.42134956,-0.74674995,-2.973855941,-3.049642768,-17.08176984,-16.32252897,-13.17196715,-10.06080252,-9.582208667,-9.540372096,-9.530864887,-9.785042922,-8.721710796,-8.789156213,-7.869769728,-6.672815862,0.986670091,-0.363823046,-1.33850077,-3.191963243,-7.292740024,-6.488115325,-6.589187456,-6.721964307,-0.562074807,-1.383429194,-7.314044169,-5.84486956,-5.142772574,-3.632561572,-7.090038991,-5.195877922,-4.413245393,-4.620611146,-3.280471896,-0.950855813,-5.035059064,-3.638499249,-6.617728039,-6.340894375,-4.453243589,-5.027403077,-6.574708549,-7.060672108,-4.893267266,-5.589035965,-0.660486889,-0.488508535,-7.826095408,-4.969654743,-9.080868504,-8.516344048,-7.153271167,-6.204611903,-6.019449159,-7.777702695,-10.30491858,-9.209767293
29,1.222557612,-1.222557612,9.945391263,11.76166349,2.044882897,2.527513548,-2.552036137,-3.597659778,16.66931758,16.9362935,14.20365014,13.14669107,14.00424755,13.11569663,11.62638746,10.1767904,11.09284367,4.56681479,4.746923813,4.383995678,4.82535889,5.351688627,6.583768754,6.010510735,6.817822489,6.638236128,7.456673508,7.005945475,7.432426845,15.7250856,16.66956548,15.93102385,16.65951099,4.400877406,7.418089611,4.729890486,7.17927964,13.23167201,12.72667458,13.10839885,12.76055434,5.651793704,6.274924416,4.098549435,3.048957294,11.75061922,13.31742464,14.22733283,13.57876365,11.89544009,11.54785905,9.054920837,7.352906213,17.26731551,17.88587847,13.76466483,14.17101208,14.72966845,13.72474848,16.22607342,15.84744395,8.631694954,8.318504126,14.63626044,13.98342918,8.603540494,8.229222624,20.33107881,19.80168328,15.14318729,14.97497995,12.79841988,15.93853811,11.14648474,11.19746806,10.25561548,10.25064423,15.03489621,16.05877648,11.29165467,11.44667878,14.16722976,13.81948737,10.22988889,10.74558468,9.439422621,10.49607565,18.53237199,17.77458091,13.49089919,14.26193585,17.85862016,15.50722354,10.26409231,11.2883432,14.30333814,14.35066336,10.07396532,12.35070242,13.6851463,15.95104653,9.534206969,9.782554349,7.238803203,6.824759319,12.29492504,13.89947438,14.73503121,14.94309957,9.594824703,9.613857879,13.31582279,14.82604601,14.86159884,20.54667361,9.05824632,9.09004946
30,0.987204013,-0.987204013,3.947661382,2.540778609,5.8114555,0.467139537,2.279371313,2.515560918,5.023298488,4.631875835,4.799578284,3.723462077,1.346456388,3.924846863,5.815787851,9.761032133,9.481079458,-1.90585373,0.154582135,-1.850896764,0.64990848,1.360099364,3.487742177,1.313267469,3.790819742,1.643117238,4.911658433,1.992590473,5.64022238,0.174727874,-1.427812896,0.707728858,-0.979072767,-6.61987136,-6.245132159,-7.950721517,-6.208977891,2.368898789,2.069111924,2.748613441,2.355585221,0.136368864,1.022654127,-1.435662361,-1.820944845,1.77286989,4.252852854,4.784259973,2.833255155,3.553441877,0.445762973,-5.695425538,-5.088778869,2.834505374,-1.799889282,2.013919208,6.105577716,5.034878971,5.244771909,3.295747716,3.665087347,4.155762071,4.50633407,-0.506260771,-3.270837605,0.082089525,2.174339881,-2.237202474,-1.967750674,-2.382613149,-2.728627722,-3.950152519,-3.454560693,-1.920511579,0.481316732,-7.193871647,-0.390769147,-0.998155355,-1.707160803,-4.557019668,-5.001018823,-1.822899276,-2.492824193,-0.891583349,-1.510084393,-2.157993168,-1.830748762,-3.351647231,-0.239679971,-2.594669723,-1.590497546,-2.847043204,1.602538951,-2.424173761,-1.567924864,1.774481426,1.768916111,-1.378631438,0.180828631,-2.141198663,-0.377612302,-3.721956379,-3.305765865,0.861044499,1.758680279,2.556269192,1.95224358,-0.225962711,-0.695547368,-4.703469431,-2.302517086,0.640449,1.537309253,-0.032360734,-0.792363503,-0.166236219,1.953802598
31,1,-1,2.127149515,3.759282274,-1.052339378,0.449316167,-1.752758216,-2.428636235,2.647702746,5.53007889,-1.264304501,1.985203574,0.264385671,3.944386841,2.408430492,3.426768715,3.965685839,0.212230064,1.438988375,0.945767881,1.511409251,1.608440047,1.861890122,1.269707105,1.059710842,2.066412233,2.921392718,1.289273674,3.025886734,0.417239753,1.109123607,1.268447044,1.506058414,4.571448086,2.927349293,5.090951617,2.816200663,2.253808788,0.621257156,1.456137744,1.681843846,2.139847426,1.464861374,0.111488425,0.708592763,0.896888282,2.81043642,3.14862934,0.530374409,2.309627337,1.962854718,2.8351083,2.836043158,7.431696189,7.089497136,2.894551091,3.037551784,3.730721921,3.110961048,5.242365635,5.112518791,1.566404945,3.590626348,-1.595983266,-0.778288214,3.890024833,2.632067394,0.471692854,-0.460497986,0.975162129,0.676149528,2.951895814,1.9798244,5.350797583,7.181494696,3.660636482,1.668313669,4.85144882,1.9919928,2.337926861,2.270314272,1.404383746,2.647434461,1.533088344,1.166579214,4.057672374,2.641822227,6.555872176,2.900783074,4.189025599,3.457529753,2.411600535,2.308272794,2.927768251,3.062404243,3.197630491,2.421139632,0.536501532,1.895586827,3.488818495,3.641585657,0.406735596,-0.328462644,2.274771249,2.460877455,-0.524984534,-1.755030294,6.684364897,3.748331069,3.324374699,0.384655122,4.564679123,5.501557619,7.660030434,2.229831856,3.536224722,0.73794163
32,1,-1,-0.281898584,3.254622804,0.909585736,1.500617283,-0.352733211,-0.714027961,2.307721014,0.530716897,3.640428779,2.534233666,1.748917142,1.767159847,2.409175921,0.412260806,0.292265895,0.689354317,-0.816533609,0.047979501,0.085310628,4.462249008,2.749650548,4.121804253,2.681387077,2.175043555,0.089184099,2.805448316,0.50015686,0.471750051,1.512453739,1.541321298,2.541252393,0.839126274,0.079274064,0.311840434,0.493404262,0.73770141,2.844138655,1.38785601,2.259581728,0.714393264,2.324503971,0.610100471,0.622384613,1.117259669,0.956278635,0.654011921,2.149264078,1.88437954,-1.357375618,0.076794681,-0.959907936,3.07760219,0.704640885,1.86426877,1.810316636,1.859486837,-0.370328141,1.879958132,2.855747197,0.611249459,2.567599925,-2.126398374,2.93834366,1.26816774,3.222506624,1.086871699,1.210054517,1.057774309,0.837020155,0.936545788,1.46784508,3.28539285,2.606505771,0.930737787,3.013998422,1.618857692,3.737598263,2.769630748,0.667817152,0.267498057,-0.483318197,-0.852693152,0.039203352,1.275945024,0.337280868,1.47256412,2.234466022,0.720280315,3.325838352,2.7886706,7.410849853,-0.48305672,1.786929615,0.082190867,1.241127582,0.251671052,1.214396759,-1.545805797,0.48003166,2.344295161,0.68865554,-0.446717112,2.796801096,1.488525656,0.340643761,1.824283333,2.708173142,-0.96371176,2.6815722,1.272283988,2.118152957,2.750234664,1.135016286,0.308601678,3.557690487
33,1,-1,13.05418584,12.32007808,-2.687483657,-4.421425292,-4.768339526,-4.322077942,2.198740962,1.95978127,-8.830099015,-7.564392107,5.6822379,5.165949316,5.73806873,6.221680478,5.051822023,0.007371053,-0.879946491,0.030664735,-1.164812805,-2.820327787,-3.403647709,-2.825939448,-3.312601739,-4.304944175,-4.982021865,-4.587486788,-4.653342536,-6.28170978,-6.197078039,-5.850014235,-6.167307179,-0.052763077,-0.243302288,0.00673422,-0.490335058,-2.96982604,-5.375463437,-3.073919976,-5.072268978,0.155008844,-1.276351655,-1.972230399,-2.036385164,4.16797175,4.460489417,-2.953493476,-2.01384399,-2.569168468,-0.777320382,-0.381686553,1.80517226,17.95632431,14.0678659,-3.884668835,-4.126137005,-2.126342652,-2.995405006,4.6844631,4.016563155,-3.20422613,-3.339004024,-5.498813394,-4.158794564,-2.201890982,-1.131224225,-5.76694317,-5.58566093,-0.693497665,-0.175057564,3.255629941,-1.05650839,-1.29877652,-0.345884086,6.488313601,5.505597891,17.4007641,14.94243926,-0.909979169,-0.251308329,-0.88250806,-0.668214664,4.397260852,4.228366282,2.334516255,2.112347332,2.046515949,3.330888158,9.508976995,9.179537048,1.79287826,0.04471197,4.939272946,3.282549019,1.176899745,1.049784509,0.692181215,1.314518246,-0.653406269,-0.900797839,1.050448396,1.422305164,5.530618123,5.028353716,9.537906317,9.694144332,10.94741104,11.57092738,15.02780423,15.39506742,0.774409526,1.813626721,11.70431303,5.746999952,3.64653222,4.541467403
34,1,-1,0.634578357,0.71981036,-2.252420254,-4.607544192,-5.128486854,-7.001412805,3.786355286,3.074652368,2.959699634,0.48739423,2.067344492,1.463168385,1.117889855,1.271107605,2.00347856,2.861299686,1.728193898,2.776849343,1.690705346,-1.287983701,-1.757440327,-0.440217232,-1.011696477,0.629341047,1.94513188,0.051565293,1.389851772,-0.140310622,-0.41742149,-0.455851027,0.444738912,7.594819495,2.539768595,8.444101681,3.150853774,0.12413916,-1.214252405,-0.069600369,-1.448227237,1.956558103,-0.336681657,-0.241745702,-0.287408481,3.128019607,0.802661303,1.32377462,0.646225146,0.71111944,3.268714851,2.011025923,6.159205521,0.687823417,2.668231828,2.650321901,1.608912452,2.463361094,3.162796898,4.053454508,3.25421315,1.113570066,0.770927732,4.723405802,4.700770366,2.240536876,1.60173458,-3.436630486,-3.106041741,-1.520300231,-1.598839114,1.298021698,-0.245645402,6.96555615,7.419594194,-3.974188494,-3.980536727,-0.422752966,2.615194211,2.233630573,3.277802235,2.029884301,2.071013636,0.142563171,0.11103778,3.713941963,4.195399076,3.107224795,5.284739287,5.117598318,5.784091475,4.677015646,2.706358562,5.137680763,5.313091726,1.76061286,3.485094757,2.227277624,2.455979523,2.946861039,3.075132096,1.637793053,1.273887769,1.732704156,1.953114585,4.539041197,6.066788223,5.820587405,5.955675074,2.12265999,0.227158912,2.380925538,2.975423756,4.686634,8.370351475,2.628611162,2.969158564
