Sample	Total	Assigned	Unassigned_rRNA	Unassigned_Unmapped	Unassigned_Read_Type	Unassigned_Singleton	Unassigned_MappingQuality	Unassigned_Chimera	Unassigned_FragmentLength	Unassigned_Duplicate	Unassigned_MultiMapping	Unassigned_Secondary	Unassigned_NonSplit	Unassigned_NoFeatures	Unassigned_Overlapping_Length	Unassigned_Ambiguity	percent_assigned	reads_processed	reads_aligned	reads_aligned_percentage	not_aligned	not_aligned_percentage	Filename	File type	Encoding	Total Sequences	Sequences flagged as poor quality	Sequence length	%GC	total_deduplicated_percentage	avg_sequence_length	basic_statistics	per_base_sequence_quality	per_tile_sequence_quality	per_sequence_quality_scores	per_base_sequence_content	per_sequence_gc_content	per_base_n_content	sequence_length_distribution	sequence_duplication_levels	overrepresented_sequences	adapter_content	r_processed	r_with_adapters	r_written	bp_processed	quality_trimmed	bp_written	percent_trimmed	pe_sense	pe_antisense	failed
LAC_001	5819447	2095909	891700	1760845	0	0	0	0	97265	0	0	0	0	887028	51033	35667	36.015604231811025	5819447.0	4058602.0	69.74	1760845.0	30.26	LAC_001_val_2.fq.gz	Conventional base calls	Sanger / Illumina 1.9	5819447.0	0.0	20-51	42.0	15.411343647579848	50.29887805490797	pass	pass	pass	pass	fail	warn	pass	warn	fail	fail	pass	5824117	1826042	5824117	297029967	121298	293748857	1.1046393847527174	0.0173	0.6367	0.3461
LAC_002	5689890	2030964	1006740	1654434	0	0	0	0	74206	0	0	0	0	837550	42781	43215	35.694257709727246	5689890.0	4035456.0	70.92	1654434.0	29.08	LAC_002_val_2.fq.gz	Conventional base calls	Sanger / Illumina 1.9	5689890.0	0.0	20-51	43.0	16.62857235003161	50.37199471343031	pass	pass	pass	pass	fail	pass	pass	warn	fail	fail	pass	5694537	2228974	5694537	290421387	379508	286665367	1.2933000695296593	0.0117	0.6984	0.2899
LAC_003	4579695	1119254	1067661	1348936	0	0	0	0	54153	0	0	0	0	939928	28601	21162	24.43948778248333	4579695.0	3230759.0	70.55	1348936.0	29.45	LAC_003_val_2.fq.gz	Conventional base calls	Sanger / Illumina 1.9	4579695.0	0.0	20-51	44.0	12.80825348400691	50.34343531610729	pass	pass	pass	pass	fail	warn	pass	warn	fail	fail	pass	4584282	1319550	4584282	233798382	110075	231496819	0.9844221248716768	0.0173	0.6139	0.3688
LAC_004	5126930	1356952	906962	1567260	0	0	0	0	65145	0	0	0	0	1162146	35728	32737	26.467145055618076	5126930.0	3559670.0	69.43	1567260.0	30.57	LAC_004_val_1.fq.gz	Conventional base calls	Sanger / Illumina 1.9	5126930.0	0.0	20-51	42.0	13.09403708245152	50.48484375640003	pass	pass	pass	pass	fail	warn	pass	warn	fail	fail	pass	5131192	1545051	5131192	261690792	115171	259040334	1.0128205045900125	0.017	0.6046	0.3784
LAC_005	6501384	2882733	872126	2031554	0	0	0	0	34463	0	0	0	0	565208	56760	58540	44.34029738898671	6501384.0	4469830.0	68.75	2031554.0	31.25	LAC_005_val_2.fq.gz	Conventional base calls	Sanger / Illumina 1.9	6501384.0	0.0	20-51	41.0	16.306171819905092	50.407398947670224	pass	pass	pass	pass	fail	pass	pass	warn	fail	fail	pass	6511445	2639895	6511445	332083695	617392	327842476	1.27715364043995	0.011000000000000001	0.7241	0.2649
LAC_006	4411984	1829780	515485	1484243	0	0	0	0	32647	0	0	0	0	465137	45932	38760	41.472951851139996	4411984.0	2927741.0	66.36	1484243.0	33.64	LAC_006_val_2.fq.gz	Conventional base calls	Sanger / Illumina 1.9	4411984.0	0.0	20-51	42.0	18.207554030435663	50.40463564691078	pass	pass	pass	pass	fail	pass	pass	warn	fail	fail	pass	4417490	1389290	4417490	225291990	124888	223232503	0.9141412439918524	0.0156	0.6826	0.3018
LAC_007	6998861	2257275	1606953	1816363	0	0	0	0	77675	0	0	0	0	1146547	49566	44482	32.252033580892665	6998861.0	5182498.0	74.05	1816363.0	25.95	LAC_007_val_1.fq.gz	Conventional base calls	Sanger / Illumina 1.9	6998861.0	0.0	20-51	43.0	14.82606599568591	50.53224817581032	pass	pass	pass	pass	fail	warn	pass	warn	fail	fail	pass	7007670	2796865	7007670	357391170	601417	352569781	1.3490509572466494	0.0129	0.7192	0.2679
LAC_008	6053630	2231222	999383	1657588	0	0	0	0	45241	0	0	0	0	1028621	48923	42652	36.8575879265829	6053630.0	4396042.0	72.62	1657588.0	27.38	LAC_008_val_1.fq.gz	Conventional base calls	Sanger / Illumina 1.9	6053630.0	0.0	20-51	42.0	15.747605419205742	50.54570200028743	pass	pass	pass	pass	fail	warn	pass	warn	fail	fail	pass	6058986	2277173	6058986	309008286	410595	305407559	1.1652525719002886	0.0114	0.6731	0.3154
LAC_009	5081932	1815749	648489	1772187	0	0	0	0	29014	0	0	0	0	763372	35262	17859	35.72950208700156	5081932.0	3309745.0	65.13	1772187.0	34.87	LAC_009_val_2.fq.gz	Conventional base calls	Sanger / Illumina 1.9	5081932.0	0.0	20-51	42.0	15.85939893707235	50.39370892802186	pass	pass	pass	pass	fail	pass	pass	warn	fail	fail	pass	5087812	1617173	5087812	259478412	157613	256977628	0.9637734332981812	0.0155	0.6353	0.3492
LAC_010	5778993	2196434	466650	2187449	0	0	0	0	49918	0	0	0	0	783157	52612	42773	38.00720990663945	5778993.0	3591544.0	62.15	2187449.0	37.85	LAC_010_val_1.fq.gz	Conventional base calls	Sanger / Illumina 1.9	5778993.0	0.0	20-51	41.0	16.030348609066042	50.51331001785259	pass	pass	pass	pass	fail	warn	pass	warn	fail	warn	pass	5783283	1956719	5783283	294947433	123097	292124405	0.957129198001869	0.0149	0.6155	0.3696
LAC_011	6182671	2778373	363642	2006008	0	0	0	0	32018	0	0	0	0	891780	65432	45418	44.938069646597725	6182671.0	4176663.0	67.55	2006008.0	32.45	LAC_011_val_2.fq.gz	Conventional base calls	Sanger / Illumina 1.9	6182671.0	0.0	20-51	41.0	16.07871830904001	50.44985314599465	pass	pass	pass	pass	fail	pass	pass	warn	fail	warn	pass	6188645	2107460	6188645	315620895	161403	312658478	0.9385997717293084	0.0138	0.6147	0.3716
LAC_012	5633913	2323745	826293	1632879	0	0	0	0	26726	0	0	0	0	733337	54783	36150	41.24566708786593	5633913.0	4001034.0	71.02	1632879.0	28.98	LAC_012_val_2.fq.gz	Conventional base calls	Sanger / Illumina 1.9	5633913.0	0.0	20-51	42.0	16.007553968410793	50.46565699541331	pass	pass	pass	pass	fail	pass	pass	warn	fail	warn	pass	5638645	2072829	5638645	287570895	383134	284375339	1.1112237210236453	0.0122	0.6274	0.3604
LAC_013	4894727	2061378	575372	1516142	0	0	0	0	38973	0	0	0	0	614492	46332	42038	42.114258874907634	4894727.0	3378585.0	69.02	1516142.0	30.98	LAC_013_val_2.fq.gz	Conventional base calls	Sanger / Illumina 1.9	4894727.0	0.0	20-51	42.0	19.31616512332437	50.447160791602876	pass	pass	pass	pass	fail	pass	pass	warn	fail	warn	pass	4899735	1608245	4899735	249886485	96564	247672583	0.8859630803962848	0.0138	0.6596	0.3266
LAC_014	5648890	1915182	1467256	1484621	0	0	0	0	50127	0	0	0	0	651183	43508	37013	33.90368727307489	5648890.0	4164269.0	73.72	1484621.0	26.28	LAC_014_val_1.fq.gz	Conventional base calls	Sanger / Illumina 1.9	5648890.0	0.0	20-51	43.0	14.94704332697636	50.55710927279519	pass	pass	pass	pass	fail	pass	pass	warn	fail	fail	pass	5653566	1727975	5653566	288331866	123981	285824506	0.8696090497329907	0.0134	0.6803	0.3063
LAC_015	5263830	1093380	1578682	1152584	0	0	0	0	63904	0	0	0	0	1321585	33162	20533	20.77156747083397	5263830.0	4111246.0	78.1	1152584.0	21.9	LAC_015_val_2.fq.gz	Conventional base calls	Sanger / Illumina 1.9	5263830.0	0.0	20-51	44.0	12.2276090474272	50.346627265698174	pass	pass	pass	pass	fail	warn	pass	warn	fail	fail	pass	5271192	2042112	5271192	268830792	475933	265105526	1.3857289086140099	0.016	0.6979	0.28600000000000003
LAC_016	5816133	1554961	882505	1528286	0	0	0	0	45679	0	0	0	0	1727165	44112	33425	26.735306775137364	5816133.0	4287847.0	73.72	1528286.0	26.28	LAC_016_val_1.fq.gz	Conventional base calls	Sanger / Illumina 1.9	5816133.0	0.0	20-51	43.0	12.895489870449	50.52776165882039	pass	pass	pass	pass	fail	warn	pass	warn	fail	fail	pass	5824443	1854137	5824443	297046593	135771	294291233	0.9275851213011556	0.0153	0.7026	0.2821
LAC_017	6508244	1343697	2668203	1403777	0	0	0	0	61879	0	0	0	0	971213	29734	29741	20.646075961503595	6508244.0	5104467.0	78.43	1403777.0	21.57	LAC_017_val_1.fq.gz	Conventional base calls	Sanger / Illumina 1.9	6508244.0	0.0	20-51	46.0	11.62310175509414	50.57253492647172	pass	pass	pass	pass	fail	pass	pass	warn	fail	fail	pass	6514787	2441698	6514787	332254137	467411	328219929	1.2141934593879866	0.0121	0.6726	0.3153
LAC_018	5079680	1358165	1273993	1415657	0	0	0	0	45626	0	0	0	0	922993	30382	32864	26.73721573012473	5079680.0	3664023.0	72.13	1415657.0	27.87	LAC_018_val_2.fq.gz	Conventional base calls	Sanger / Illumina 1.9	5079680.0	0.0	20-51	44.0	14.111280063409026	50.40495779261686	pass	pass	pass	pass	fail	warn	pass	warn	fail	fail	pass	5084186	1943963	5084186	259293486	344079	256093880	1.2339708372002836	0.0138	0.6342	0.35200000000000004
LAC_019	7198643	1232629	3824461	1681182	0	0	0	0	64172	0	0	0	0	330243	31108	34848	17.12307444611436	7198643.0	5517461.0	76.65	1681182.0	23.35	LAC_019_val_2.fq.gz	Conventional base calls	Sanger / Illumina 1.9	7198643.0	0.0	20-51	46.0	10.907945394786337	50.44752406807783	pass	pass	pass	pass	fail	warn	pass	warn	fail	warn	pass	7204332	2660737	7204332	367420932	460312	363219854	1.1433964791096878	0.0096	0.7055	0.2849
LAC_020	6410807	2269181	692204	2508562	0	0	0	0	37818	0	0	0	0	795302	53253	54487	35.396183351019616	6410807.0	3902245.0	60.87	2508562.0	39.13	LAC_020_val_2.fq.gz	Conventional base calls	Sanger / Illumina 1.9	6410807.0	0.0	20-51	41.0	14.690896006958726	50.43471578539176	pass	pass	pass	pass	fail	pass	pass	warn	fail	warn	pass	6415000	2144740	6415000	327165000	144920	324073046	0.9450748093469656	0.016	0.6832	0.3008
LAC_021	5601304	1799108	859808	2123426	0	0	0	0	57249	0	0	0	0	679802	42041	39870	32.11944932822786	5601304.0	3477878.0	62.09	2123426.0	37.91	LAC_021_val_2.fq.gz	Conventional base calls	Sanger / Illumina 1.9	5601304.0	0.0	20-51	42.0	14.556177039077802	50.380217356529826	pass	pass	pass	pass	fail	warn	pass	warn	fail	fail	pass	5606495	2253255	5606495	285931245	372829	282257281	1.2849116926693338	0.0177	0.6678	0.3145
LAC_022	5575295	1484651	1236612	1843280	0	0	0	0	53541	0	0	0	0	895060	35672	26479	26.629102137196327	5575295.0	3732015.0	66.94	1843280.0	33.06	LAC_022_val_2.fq.gz	Conventional base calls	Sanger / Illumina 1.9	5575295.0	0.0	20-51	43.0	13.106316715156396	50.3815679708428	pass	pass	pass	pass	fail	warn	pass	warn	fail	fail	pass	5580846	2203900	5580846	284623146	393638	280959287	1.28726670739561	0.0187	0.6990000000000001	0.2823
LAC_023	11558684	2840231	3063136	3589264	0	0	0	0	168515	0	0	0	0	1778117	69694	49727	24.57226964592163	11558684.0	7969420.0	68.95	3589264.0	31.05	LAC_023_val_2.fq.gz	Conventional base calls	Sanger / Illumina 1.9	11558684.0	0.0	20-51	43.0	9.778644454623668	50.32333153151345	pass	pass	pass	pass	fail	warn	pass	warn	fail	fail	pass	11569793	3435038	11569793	590059443	368390	584060360	1.016691296303854	0.0215	0.7201	0.2584
LAC_024	4475660	1618346	909560	1421251	0	0	0	0	28772	0	0	0	0	424742	33777	39212	36.158823503125795	4475660.0	3054409.0	68.24	1421251.0	31.76	LAC_024_val_2.fq.gz	Conventional base calls	Sanger / Illumina 1.9	4475660.0	0.0	20-51	43.0	19.41524561678669	50.467095579199494	pass	pass	pass	pass	fail	pass	pass	warn	fail	warn	pass	4479056	1449816	4479056	228431856	89388	226454192	0.8657566569874563	0.0106	0.6601	0.3292
LAC_025	6906304	2972017	422886	2400986	0	0	0	0	41399	0	0	0	0	940392	60763	67861	43.03339383844094	6906304.0	4505318.0	65.23	2400986.0	34.77	LAC_025_val_2.fq.gz	Conventional base calls	Sanger / Illumina 1.9	6906304.0	0.0	20-51	41.0	17.457177375057512	50.46241274638359	pass	pass	pass	pass	fail	pass	pass	warn	fail	warn	pass	6912001	2345787	6912001	352512051	147593	349329033	0.9029529603230501	0.013000000000000001	0.6696	0.3175
LAC_026	10753230	3793417	2283946	3404133	0	0	0	0	100438	0	0	0	0	997573	80857	92866	35.27700049194521	10753230.0	7349097.0	68.34	3404133.0	31.66	LAC_026_val_2.fq.gz	Conventional base calls	Sanger / Illumina 1.9	10753230.0	0.0	20-51	43.0	14.402418290267756	50.43365351619932	pass	pass	pass	pass	fail	pass	pass	warn	fail	warn	pass	10761168	4026129	10761168	548819568	837288	542415320	1.166913203065675	0.0119	0.6652	0.32299999999999995
LAC_027	13023144	5435219	1018127	4482345	0	0	0	0	113817	0	0	0	0	1736167	113670	123799	41.73507564686378	13023144.0	8540799.0	65.58	4482345.0	34.42	LAC_027_val_1.fq.gz	Conventional base calls	Sanger / Illumina 1.9	13023144.0	0.0	20-51	41.0	11.846662214149294	50.52561961996274	pass	pass	pass	pass	fail	warn	pass	warn	fail	fail	pass	13033446	4964010	13033446	664705746	1057203	656817193	1.1867737036231367	0.0132	0.6836	0.3032
LAC_028	5835109	2631819	273953	2234515	0	0	0	0	39783	0	0	0	0	541420	59616	54003	45.103167738597506	5835109.0	3600594.0	61.71	2234515.0	38.29	LAC_028_val_2.fq.gz	Conventional base calls	Sanger / Illumina 1.9	5835109.0	0.0	20-51	40.0	15.875366129671777	50.42825215432994	pass	pass	pass	pass	fail	pass	pass	warn	fail	warn	pass	5838938	2240140	5838938	297785838	321297	294300105	1.1705502932614278	0.017	0.6268	0.3562
LAC_029	6687662	3027926	275389	2517702	0	0	0	0	41768	0	0	0	0	695674	68907	60296	45.27630134417679	6687662.0	4169960.0	62.35	2517702.0	37.65	LAC_029_val_2.fq.gz	Conventional base calls	Sanger / Illumina 1.9	6687662.0	0.0	20-51	40.0	15.046182647879007	50.434681357999246	pass	pass	pass	pass	fail	pass	pass	warn	fail	warn	pass	6691960	2539337	6691960	341289960	360865	337342051	1.1567609548197668	0.0159	0.616	0.3681
LAC_030	10731862	4653382	750948	4016044	0	0	0	0	119351	0	0	0	0	990268	107283	94586	43.36043456391817	10731862.0	6715818.0	62.58	4016044.0	37.42	LAC_030_val_2.fq.gz	Conventional base calls	Sanger / Illumina 1.9	10731862.0	0.0	20-51	40.0	12.694878474668267	50.37820175101022	pass	pass	pass	pass	fail	warn	pass	warn	fail	fail	pass	10738333	4186626	10738333	547654983	717848	540730213	1.2644402433931656	0.0168	0.6438	0.3393
LAC_031	13597152	5915070	886283	4996471	0	0	0	0	139043	0	0	0	0	1409066	136230	114989	43.502271652181285	13597152.0	8600681.0	63.25	4996471.0	36.75	LAC_031_val_2.fq.gz	Conventional base calls	Sanger / Illumina 1.9	13597152.0	0.0	20-51	40.0	11.362901007203414	50.3851440360452	pass	pass	pass	pass	fail	pass	pass	warn	fail	fail	pass	13605582	5251699	13605582	693884682	909508	685198220	1.25185959934478	0.0182	0.6274	0.3543
LAC_032	4681201	1949997	427292	1684719	0	0	0	0	63434	0	0	0	0	471647	40662	43450	41.65591266002036	4681201.0	2996482.0	64.01	1684719.0	35.99	LAC_032_val_2.fq.gz	Conventional base calls	Sanger / Illumina 1.9	4681201.0	0.0	20-51	41.0	17.96777444386748	50.35900808360931	pass	pass	pass	pass	fail	warn	pass	warn	fail	fail	pass	4684263	1552624	4684263	238897413	97886	236352347	1.065338451362803	0.0165	0.6406	0.3429
LAC_033	4540281	1834969	547398	1568655	0	0	0	0	39581	0	0	0	0	470253	40606	38819	40.41531790653486	4540281.0	2971626.0	65.45	1568655.0	34.55	LAC_033_val_2.fq.gz	Conventional base calls	Sanger / Illumina 1.9	4540281.0	0.0	20-51	41.0	18.813451757600912	50.40214977883528	pass	pass	pass	pass	fail	pass	pass	warn	fail	fail	pass	4543688	1464776	4543688	231728088	108411	229499720	0.961630512396063	0.0196	0.6529	0.3275
LAC_034	9612330	3718529	1315701	3264156	0	0	0	0	213789	0	0	0	0	938495	79621	82039	38.68499104795611	9612330.0	6348174.0	66.04	3264156.0	33.96	LAC_034_val_2.fq.gz	Conventional base calls	Sanger / Illumina 1.9	9612330.0	0.0	20-51	42.0	13.595970040837125	50.268986603664246	pass	pass	pass	pass	fail	warn	pass	warn	fail	fail	pass	9618478	3118788	9618478	490542378	253772	484696826	1.1916507649824293	0.0197	0.6635	0.3169
LAC_035	9928188	3708273	1693052	3232966	0	0	0	0	141509	0	0	0	0	990796	83826	77766	37.35095467571726	9928188.0	6695222.0	67.44	3232966.0	32.56	LAC_035_val_1.fq.gz	Conventional base calls	Sanger / Illumina 1.9	9928188.0	0.0	20-51	42.0	13.111194055177991	50.480199508711955	pass	pass	pass	pass	fail	warn	pass	warn	fail	fail	pass	9935333	3091714	9935333	506701983	303232	501528658	1.020979821190082	0.0221	0.6792	0.2987
LAC_036	11745013	4722385	855896	4554767	0	0	0	0	109788	0	0	0	0	1298757	111395	92025	40.20757576002685	11745013.0	7190246.0	61.22	4554767.0	38.78	LAC_036_val_2.fq.gz	Conventional base calls	Sanger / Illumina 1.9	11745013.0	0.0	20-51	41.0	12.725028464582286	50.39684468633624	pass	pass	pass	pass	fail	pass	pass	warn	fail	fail	pass	11754264	3988318	11754264	599467464	265446	593422263	1.008428540835704	0.0187	0.6731	0.3082
LAC_037	6294921	2997010	343705	2323636	0	0	0	0	23232	0	0	0	0	478133	68275	60930	47.60997000597784	6294921.0	3971285.0	63.09	2323636.0	36.91	LAC_037_val_1.fq.gz	Conventional base calls	Sanger / Illumina 1.9	6294921.0	0.0	20-51	41.0	13.6637272657055	50.53474999924543	pass	pass	pass	pass	fail	pass	pass	warn	fail	warn	pass	6301799	2122329	6301799	321391749	143195	318445713	0.9166495434828354	0.0183	0.6817	0.3
LAC_038	9491030	2898677	1468869	3592716	0	0	0	0	177250	0	0	0	0	1236604	63500	53414	30.5412268215357	9491030.0	5898314.0	62.15	3592716.0	37.85	LAC_038_val_2.fq.gz	Conventional base calls	Sanger / Illumina 1.9	9491030.0	0.0	20-51	42.0	12.763345132261382	50.279122076318366	pass	pass	pass	pass	fail	warn	pass	warn	fail	fail	pass	9498280	3906067	9498280	484412280	692829	477287772	1.4707529710023042	0.021	0.7276	0.2514
LAC_039	14677181	6390749	1054256	5427002	0	0	0	0	172528	0	0	0	0	1349872	161163	121611	43.542073917327855	14677181.0	9250179.0	63.02	5427002.0	36.98	LAC_039_val_1.fq.gz	Conventional base calls	Sanger / Illumina 1.9	14677181.0	0.0	20-51	41.0	9.719648620244687	50.46120941071722	pass	pass	pass	pass	fail	pass	pass	warn	fail	warn	pass	14688055	5057414	14688055	749090805	414335	741149268	1.0601567856649905	0.0198	0.6646	0.3156
LAC_040	11517545	3372836	1977752	4372313	0	0	0	0	179107	0	0	0	0	1481097	70728	63712	29.284330992412013	11517545.0	7145232.0	62.04	4372313.0	37.96	LAC_040_val_1.fq.gz	Conventional base calls	Sanger / Illumina 1.9	11517545.0	0.0	20-51	42.0	10.466903440155926	50.47764745004253	pass	pass	pass	pass	fail	warn	pass	warn	fail	fail	pass	11523994	4762567	11523994	587723694	758651	579493656	1.4003243503740719	0.018000000000000002	0.7288	0.2532
LAC_041	11640926	5361393	878507	4220216	0	0	0	0	65483	0	0	0	0	882767	124403	108157	46.05641338154714	11640926.0	7420710.0	63.75	4220216.0	36.25	LAC_041_val_2.fq.gz	Conventional base calls	Sanger / Illumina 1.9	11640926.0	0.0	20-51	41.0	10.50452530172474	50.400518566993725	pass	pass	pass	pass	fail	pass	pass	warn	fail	fail	pass	11653546	3860079	11653546	594330846	331767	588737383	0.9411362438354748	0.0193	0.6904	0.2903
LAC_042	9891932	4408251	520586	3729404	0	0	0	0	76368	0	0	0	0	977497	96309	83517	44.56410537395526	9891932.0	6162528.0	62.3	3729404.0	37.7	LAC_042_val_1.fq.gz	Conventional base calls	Sanger / Illumina 1.9	9891932.0	0.0	20-51	41.0	13.362793774863125	50.498661030019214	pass	pass	pass	pass	fail	pass	pass	warn	fail	warn	pass	9897713	3810375	9897713	504783363	662174	498757932	1.1936667175776154	0.0159	0.62	0.3641
LAC_043	13367703	3702002	2316761	5120020	0	0	0	0	201516	0	0	0	0	1864736	83548	79120	27.693628441625307	13367703.0	8247683.0	61.7	5120020.0	38.3	LAC_043_val_1.fq.gz	Conventional base calls	Sanger / Illumina 1.9	13367703.0	0.0	20-51	42.0	9.986950435667957	50.474032823739435	pass	pass	pass	pass	fail	warn	pass	warn	fail	fail	pass	13375167	4058261	13375167	682133517	383747	675089932	1.0325815730294925	0.0182	0.7332	0.2486
LAC_044	11739651	4874301	1015631	4233026	0	0	0	0	116005	0	0	0	0	1295412	106997	98279	41.51998215279142	11739651.0	7506625.0	63.94	4233026.0	36.06	LAC_044_val_2.fq.gz	Conventional base calls	Sanger / Illumina 1.9	11739651.0	0.0	20-51	41.0	12.29114131346313	50.387682734350456	pass	pass	pass	pass	fail	warn	pass	warn	fail	fail	pass	11746517	3905617	11746517	599072367	335603	593143983	0.9895939667001866	0.0146	0.6268	0.3587
LAC_045	12476952	3517332	2040223	4807473	0	0	0	0	155174	0	0	0	0	1800979	82504	73267	28.19063502047616	12476952.0	7669479.0	61.47	4807473.0	38.53	LAC_045_val_2.fq.gz	Conventional base calls	Sanger / Illumina 1.9	12476952.0	0.0	20-51	42.0	11.05293215044486	50.331531290654965	pass	pass	pass	pass	fail	warn	pass	warn	fail	fail	pass	12484943	5163832	12484943	636732093	830501	628081122	1.3586516362384768	0.015	0.7354	0.2496
LAC_046	5701092	1543261	1074269	1828945	0	0	0	0	54066	0	0	0	0	1124360	38345	37846	27.06956842654004	5701092.0	3872147.0	67.92	1828945.0	32.08	LAC_046_val_1.fq.gz	Conventional base calls	Sanger / Illumina 1.9	5701092.0	0.0	20-51	42.0	14.232344202281801	50.52957503580015	pass	pass	pass	pass	fail	warn	pass	warn	fail	fail	pass	5705918	2229816	5705918	291001818	376992	287315514	1.2667632200153471	0.0124	0.7009	0.2867
LAC_047	5509480	1759592	704057	2047122	0	0	0	0	48684	0	0	0	0	864279	43208	42538	31.93753312472321	5509480.0	3462358.0	62.84	2047122.0	37.16	LAC_047_val_2.fq.gz	Conventional base calls	Sanger / Illumina 1.9	5509480.0	0.0	20-51	42.0	16.444810794951817	50.39360320756224	pass	pass	pass	pass	fail	pass	pass	warn	fail	fail	pass	5512821	2159605	5512821	281153871	289341	277682200	1.2347939538061703	0.013000000000000001	0.6959	0.2911
LAC_048	10389884	2630169	2343667	3194345	0	0	0	0	146353	0	0	0	0	1943394	67188	64768	25.314709962113145	10389884.0	7195539.0	69.26	3194345.0	30.74	LAC_048_val_1.fq.gz	Conventional base calls	Sanger / Illumina 1.9	10389884.0	0.0	20-51	43.0	10.505970661946026	50.50035861805579	pass	pass	pass	pass	fail	warn	pass	warn	fail	fail	pass	10398235	4161383	10398235	530309985	853772	522974923	1.383164980384067	0.0135	0.7186	0.2678
LAC_049	10431777	3131109	1716741	3719317	0	0	0	0	142179	0	0	0	0	1568770	78761	74900	30.015106726303678	10431777.0	6712460.0	64.35	3719317.0	35.65	LAC_049_val_2.fq.gz	Conventional base calls	Sanger / Illumina 1.9	10431777.0	0.0	20-51	43.0	12.92891065937364	50.33204994700328	pass	pass	pass	pass	fail	pass	pass	warn	fail	fail	pass	10437926	3231827	10437926	532334226	324499	526913157	1.0183581545628442	0.0142	0.7153	0.2706
LAC_050	6634710	678349	5103343	642554	0	0	0	0	7106	0	0	0	0	175479	14196	13683	10.224244918014502	6634710.0	5992156.0	90.32	642554.0	9.68	LAC_050_val_1.fq.gz	Conventional base calls	Sanger / Illumina 1.9	6634710.0	0.0	20-51	51.0	8.052424460272224	50.64447398605214	pass	pass	pass	pass	fail	warn	pass	warn	fail	warn	pass	6638892	1704254	6638892	338583492	149458	336215271	0.6994496353059056	0.0046	0.708	0.2874
LAC_051	6085159	2708621	354730	2203795	0	0	0	0	41088	0	0	0	0	609702	77174	90049	44.51191825883269	6085159.0	3881364.0	63.78	2203795.0	36.22	LAC_051_val_2.fq.gz	Conventional base calls	Sanger / Illumina 1.9	6085159.0	0.0	20-51	41.0	18.713089125648555	50.459785685139856	pass	pass	pass	pass	fail	pass	pass	warn	fail	warn	pass	6087804	2013086	6087804	310478004	123617	307769401	0.8723977109824501	0.0117	0.7149	0.2734
LAC_052	13123587	1285833	10129198	1275006	0	0	0	0	20576	0	0	0	0	361013	27185	24776	9.797877668658732	13123587.0	11848581.0	90.28	1275006.0	9.72	LAC_052_val_2.fq.gz	Conventional base calls	Sanger / Illumina 1.9	13123587.0	0.0	20-51	50.0	6.6795331850276565	50.451056711857824	pass	pass	pass	pass	fail	warn	pass	warn	fail	fail	pass	13131662	4771156	13131662	669714762	845664	662196287	1.1226383867584508	0.0055	0.7120000000000001	0.2825
LAC_053	11890326	5123911	890935	4284802	0	0	0	0	113721	0	0	0	0	1156983	149729	170245	43.0931077919983	11890326.0	7605524.0	63.96	4284802.0	36.04	LAC_053_val_1.fq.gz	Conventional base calls	Sanger / Illumina 1.9	11890326.0	0.0	20-51	41.0	12.116777272588086	50.5438262163712	pass	pass	pass	pass	fail	warn	pass	warn	fail	fail	pass	11895255	4592954	11895255	606658005	779933	599604693	1.162650445863646	0.0122	0.7229	0.2649
LAC_054	5049871	1942198	475394	1810060	0	0	0	0	32084	0	0	0	0	694576	49495	46064	38.460348789107684	5049871.0	3239811.0	64.16	1810060.0	35.84	LAC_054_val_1.fq.gz	Conventional base calls	Sanger / Illumina 1.9	5049871.0	0.0	20-51	41.0	16.924221700358082	50.52933827418562	pass	pass	pass	pass	fail	warn	pass	warn	fail	fail	pass	5052557	1935121	5052557	257680407	251637	254767454	1.130451877934204	0.0159	0.6587	0.3255
LAC_055	6975157	2772148	640461	2619992	0	0	0	0	44221	0	0	0	0	751610	67166	79559	39.743162770386384	6975157.0	4355165.0	62.44	2619992.0	37.56	LAC_055_val_1.fq.gz	Conventional base calls	Sanger / Illumina 1.9	6975157.0	0.0	20-51	41.0	15.368510247581241	50.52666441773282	pass	pass	pass	pass	fail	warn	pass	warn	fail	warn	pass	6978639	2653768	6978639	355910589	345104	351923960	1.1201209301474309	0.0124	0.6688	0.3187
LAC_056	10548747	3863094	1297737	3671896	0	0	0	0	104023	0	0	0	0	1419392	101223	91382	36.62135417599834	10548747.0	6876851.0	65.19	3671896.0	34.81	LAC_056_val_1.fq.gz	Conventional base calls	Sanger / Illumina 1.9	10548747.0	0.0	20-51	42.0	11.923533593129369	50.512064323848136	pass	pass	pass	pass	fail	warn	pass	warn	fail	fail	pass	10554407	3448866	10554407	538274757	300707	533121468	0.9573714785960138	0.0168	0.6777	0.3055
LAC_057	13806028	5288169	1542742	5097541	0	0	0	0	128668	0	0	0	0	1464447	132180	152281	38.303333877057185	13806028.0	8708487.0	63.08	5097541.0	36.92	LAC_057_val_2.fq.gz	Conventional base calls	Sanger / Illumina 1.9	13806028.0	0.0	20-51	42.0	13.25890481107536	50.41015381107441	pass	pass	pass	pass	fail	pass	pass	warn	fail	warn	pass	13812801	5331289	13812801	704452851	929864	696042446	1.19389182513224	0.0134	0.6846	0.302
LAC_058	11607817	4183580	1473342	4350394	0	0	0	0	63474	0	0	0	0	1342871	94703	99453	36.041057504610905	11607817.0	7257423.0	62.52	4350394.0	37.48	LAC_058_val_2.fq.gz	Conventional base calls	Sanger / Illumina 1.9	11607817.0	0.0	20-51	42.0	14.031879098613894	50.44327499304994	pass	pass	pass	pass	fail	pass	pass	warn	fail	warn	pass	11614542	4471841	11614542	592341642	617294	585614830	1.1356304407853872	0.0116	0.6907	0.2976
LAC_059	11674088	4797748	1338356	3931794	0	0	0	0	109226	0	0	0	0	1265542	109252	122170	41.097411635067346	11674088.0	7742294.0	66.32	3931794.0	33.68	LAC_059_val_2.fq.gz	Conventional base calls	Sanger / Illumina 1.9	11674088.0	0.0	20-51	42.0	14.272464310455348	50.41941074968769	pass	pass	pass	pass	fail	pass	pass	warn	fail	warn	pass	11680271	4475482	11680271	595693821	788044	588671901	1.1787800632566912	0.0116	0.6853	0.3031
LAC_060	11183182	2964513	2204557	4495975	0	0	0	0	76645	0	0	0	0	1311486	69771	60235	26.508671682174178	11183182.0	6687207.0	59.8	4495975.0	40.2	LAC_060_val_1.fq.gz	Conventional base calls	Sanger / Illumina 1.9	11183182.0	0.0	20-51	42.0	11.42341009900713	50.55358465953608	pass	pass	pass	pass	fail	warn	pass	warn	fail	fail	pass	11189530	4498174	11189530	570666030	717701	563603828	1.2375367778593724	0.0147	0.7205	0.2648
LAC_061	11539668	1988237	5210967	3389189	0	0	0	0	147121	0	0	0	0	719326	46107	38721	17.229585807841268	11539668.0	8150479.0	70.63	3389189.0	29.37	LAC_061_val_2.fq.gz	Conventional base calls	Sanger / Illumina 1.9	11539668.0	0.0	20-51	46.0	11.1559281709315	50.340083007587396	pass	pass	pass	pass	fail	fail	pass	warn	fail	fail	pass	11546121	4600435	11546121	588852171	752824	580983477	1.3362766391159318	0.0114	0.7578	0.2308
LAC_062	11709615	4660136	1504171	4025940	0	0	0	0	97482	0	0	0	0	1204632	100688	116566	39.797516826983646	11709615.0	7683675.0	65.62	4025940.0	34.38	LAC_062_val_1.fq.gz	Conventional base calls	Sanger / Illumina 1.9	11709615.0	0.0	20-51	42.0	11.990054613005118	50.5359007106553	pass	pass	pass	pass	fail	warn	pass	warn	fail	fail	pass	11714825	4480691	11714825	597456075	756214	590520001	1.1609345507115314	0.011000000000000001	0.6708	0.3181
LAC_063	9774002	3375692	2147645	3162316	0	0	0	0	84813	0	0	0	0	847121	72966	83449	34.53745968130557	9774002.0	6611686.0	67.65	3162316.0	32.35	LAC_063_val_2.fq.gz	Conventional base calls	Sanger / Illumina 1.9	9774002.0	0.0	20-51	43.0	14.500929583273232	50.43418980270313	pass	pass	pass	pass	fail	pass	pass	warn	fail	warn	pass	9778413	3117806	9778413	498699063	271072	494282848	0.8855470819282449	0.0095	0.6664	0.3241
LAC_064	9420504	5043680	1091469	2017091	0	0	0	0	126605	0	0	0	0	959281	95949	86429	53.53938600312679	9420504.0	7403413.0	78.59	2017091.0	21.41	LAC_064_val_1.fq.gz	Conventional base calls	Sanger / Illumina 1.9	9420504.0	0.0	20-51	42.0	11.743183260432215	50.530338079576204	pass	pass	pass	pass	fail	warn	pass	warn	fail	fail	pass	9424821	3095926	9424821	480665871	259994	476237771	0.9212428564540208	0.0089	0.7782	0.2129
LAC_065	6714853	3991873	333561	1416644	0	0	0	0	53231	0	0	0	0	802313	63233	53998	59.448404901790106	6714853.0	5298209.0	78.9	1416644.0	21.1	LAC_065_val_1.fq.gz	Conventional base calls	Sanger / Illumina 1.9	6714853.0	0.0	20-51	42.0	13.756041752898419	50.52524738814089	pass	pass	pass	pass	fail	warn	pass	warn	fail	warn	pass	6719205	2468342	6719205	342679455	369360	338922384	1.0963805810885277	0.0092	0.7764	0.2144
LAC_066	6527294	2220506	545933	2404643	0	0	0	0	36761	0	0	0	0	1226970	50219	42262	34.018783281402676	6527294.0	4122651.0	63.16	2404643.0	36.84	LAC_066_val_2.fq.gz	Conventional base calls	Sanger / Illumina 1.9	6527294.0	0.0	20-51	42.0	15.253671272764091	50.42281487550585	pass	pass	pass	pass	fail	pass	pass	warn	fail	fail	pass	6530703	2159079	6530703	333065853	149254	329903903	0.9493467947913592	0.0146	0.6556	0.3298
LAC_067	7027581	2086722	1102953	2212633	0	0	0	0	54908	0	0	0	0	1486173	47036	37156	29.69331836943609	7027581.0	4814948.0	68.52	2212633.0	31.48	LAC_067_val_1.fq.gz	Conventional base calls	Sanger / Illumina 1.9	7027581.0	0.0	20-51	42.0	13.654350739370791	50.504947434970866	pass	pass	pass	pass	fail	warn	pass	warn	fail	fail	pass	7031839	2263131	7031839	358623789	173915	355133496	0.9732463676580028	0.0141	0.6664	0.3196
LAC_068	6794019	2618375	651035	2567435	0	0	0	0	69241	0	0	0	0	768800	59277	59856	38.53941238610019	6794019.0	4226584.0	62.21	2567435.0	37.79	LAC_068_val_1.fq.gz	Conventional base calls	Sanger / Illumina 1.9	6794019.0	0.0	20-51	41.0	15.62193664459343	50.485425931249246	pass	pass	pass	pass	fail	warn	pass	warn	fail	fail	pass	6797607	2214824	6797607	346677957	153121	343173654	1.0108237138365277	0.0181	0.6576	0.3244
LAC_069	8199405	3281685	516699	3165526	0	0	0	0	64558	0	0	0	0	1013880	73672	83385	40.02345292127905	8199405.0	5033879.0	61.39	3165526.0	38.61	LAC_069_val_2.fq.gz	Conventional base calls	Sanger / Illumina 1.9	8199405.0	0.0	20-51	41.0	14.572524142378175	50.41976326330997	pass	pass	pass	pass	fail	pass	pass	warn	fail	warn	pass	8203358	2732678	8203358	418371258	170393	414373066	0.9556564710284186	0.0151	0.6227	0.3621
LAC_070	7697681	3123702	520609	2809799	0	0	0	0	37313	0	0	0	0	1082011	71714	52533	40.57977980641183	7697681.0	4887882.0	63.5	2809799.0	36.5	LAC_070_val_1.fq.gz	Conventional base calls	Sanger / Illumina 1.9	7697681.0	0.0	20-51	41.0	13.952496801490884	50.510957261024465	pass	pass	pass	pass	fail	warn	pass	warn	fail	fail	pass	7701645	2630800	7701645	392783895	186460	389009138	0.9610264188657736	0.0147	0.6709	0.3144
LAC_071	7013317	2978474	296659	2620860	0	0	0	0	30240	0	0	0	0	941424	74728	70932	42.46883464700084	7013317.0	4392457.0	62.63	2620860.0	37.37	LAC_071_val_1.fq.gz	Conventional base calls	Sanger / Illumina 1.9	7013317.0	0.0	20-51	41.0	14.752522293988214	50.53894483879739	pass	pass	pass	pass	fail	warn	pass	warn	fail	fail	pass	7016663	2674816	7016663	357849813	325005	353954714	1.0884731131604644	0.0146	0.6481	0.3372
LAC_072	6517620	2571212	941753	1612453	0	0	0	0	30368	0	0	0	0	1248729	60886	52219	39.4501673923917	6517620.0	4905167.0	75.26	1612453.0	24.74	LAC_072_val_2.fq.gz	Conventional base calls	Sanger / Illumina 1.9	6517620.0	0.0	20-51	42.0	14.825110906525197	50.416490989042	pass	pass	pass	pass	fail	pass	pass	warn	fail	fail	pass	6523081	2634482	6523081	332677131	412957	328660892	1.2072482974490963	0.0112	0.6691	0.3197
LAC_073	6471646	2442973	708505	1607679	0	0	0	0	25897	0	0	0	0	1586590	53793	46209	37.74886636259153	6471646.0	4863967.0	75.16	1607679.0	24.84	LAC_073_val_2.fq.gz	Conventional base calls	Sanger / Illumina 1.9	6471646.0	0.0	20-51	42.0	13.919141806467481	50.454030705635006	pass	pass	pass	pass	fail	pass	pass	warn	fail	fail	pass	6476050	2498653	6476050	330278550	353849	326572946	1.121963264038794	0.0107	0.6726	0.3167
LAC_074	7052153	1073324	1041761	1145280	0	0	0	0	32715	0	0	0	0	3717541	25663	15869	15.219805923098946	7052153.0	5906873.0	83.76	1145280.0	16.24	LAC_074_val_2.fq.gz	Conventional base calls	Sanger / Illumina 1.9	7052153.0	0.0	20-51	43.0	8.625760547183328	50.42280492212804	pass	pass	pass	pass	fail	warn	pass	warn	fail	fail	pass	7057383	2698986	7057383	359926533	420268	355654517	1.1869133304490225	0.0115	0.7796	0.2088
LAC_075	9421989	1413675	3836050	1663610	0	0	0	0	72878	0	0	0	0	2388455	28845	18476	15.003997563571767	9421989.0	7758379.0	82.34	1663610.0	17.66	LAC_075_val_2.fq.gz	Conventional base calls	Sanger / Illumina 1.9	9421989.0	0.0	20-51	43.0	8.747516278486343	50.21861212107125	pass	pass	pass	pass	fail	fail	pass	warn	fail	fail	pass	9437856	4512559	9437856	481330656	1089692	473368744	1.6541460430062451	0.0157	0.8545	0.1299
LAC_076	9981556	4074459	1117154	3633097	0	0	0	0	64926	0	0	0	0	886744	109632	95544	40.81987818332132	9981556.0	6348459.0	63.6	3633097.0	36.4	LAC_076_val_2.fq.gz	Conventional base calls	Sanger / Illumina 1.9	9981556.0	0.0	20-51	42.0	15.105964621866775	50.404645628397006	pass	pass	pass	pass	fail	pass	pass	warn	fail	fail	pass	9988394	3923165	9988394	509408094	681304	503197319	1.2192140394219964	0.0163	0.7371	0.2466
LAC_077	8151767	3246597	879223	2963777	0	0	0	0	96667	0	0	0	0	832710	79741	53052	39.826911146994256	8151767.0	5187990.0	63.64	2963777.0	36.36	LAC_077_val_2.fq.gz	Conventional base calls	Sanger / Illumina 1.9	8151767.0	0.0	20-51	42.0	14.018463349942415	50.34244379163438	pass	pass	pass	pass	fail	pass	pass	warn	fail	fail	pass	8156862	3239513	8156862	415999962	466910	410445971	1.3350941123403277	0.0186	0.7132	0.2681
LAC_078	9281455	3583548	1491385	3001090	0	0	0	0	90100	0	0	0	0	951302	92791	71239	38.609765387000216	9281455.0	6280365.0	67.67	3001090.0	32.33	LAC_078_val_2.fq.gz	Conventional base calls	Sanger / Illumina 1.9	9281455.0	0.0	20-51	42.0	14.531030971803384	50.36235557894748	pass	pass	pass	pass	fail	pass	pass	warn	fail	fail	pass	9287536	2858637	9287536	473664336	241663	469198870	0.9427490441247828	0.0178	0.7182	0.2641
LAC_079	7680286	2764449	1629009	2255551	0	0	0	0	120227	0	0	0	0	782809	77151	51090	35.99408928261265	7680286.0	5424735.0	70.63	2255551.0	29.37	LAC_079_val_1.fq.gz	Conventional base calls	Sanger / Illumina 1.9	7680286.0	0.0	20-51	43.0	14.331905307979145	50.476283305074844	pass	pass	pass	pass	fail	warn	pass	warn	fail	fail	pass	7686776	3206726	7686776	392025576	568027	386286065	1.4640654465870868	0.0215	0.752	0.2266
LAC_080	8532617	2977349	1521418	2798399	0	0	0	0	94682	0	0	0	0	1004613	79574	56582	34.89373775947051	8532617.0	5734218.0	67.2	2798399.0	32.8	LAC_080_val_2.fq.gz	Conventional base calls	Sanger / Illumina 1.9	8532617.0	0.0	20-51	42.0	14.08015860387182	50.33541022642878	pass	pass	pass	pass	fail	pass	pass	warn	fail	fail	pass	8538225	2603865	8538225	435449475	232144	431240057	0.9666834481773116	0.0184	0.7624	0.2192
LAC_081	8187091	2556967	1622400	2478771	0	0	0	0	89736	0	0	0	0	1327477	66251	45489	31.23169145182336	8187091.0	5708320.0	69.72	2478771.0	30.28	LAC_081_val_1.fq.gz	Conventional base calls	Sanger / Illumina 1.9	8187091.0	0.0	20-51	43.0	12.114334649156039	50.504339453415135	pass	pass	pass	pass	fail	pass	pass	warn	fail	fail	pass	8192687	2475917	8192687	417827037	223250	413762536	0.9727711804346448	0.0187	0.7616	0.2197
LAC_082	8890701	3579588	1174425	2992780	0	0	0	0	135088	0	0	0	0	885260	82110	41450	40.26215705600717	8890701.0	5897921.0	66.34	2992780.0	33.66	LAC_082_val_1.fq.gz	Conventional base calls	Sanger / Illumina 1.9	8890701.0	0.0	20-51	42.0	13.548225907077146	50.42534295102264	pass	pass	pass	pass	fail	pass	pass	warn	fail	fail	pass	8898279	2918806	8898279	453812229	234249	448648305	1.1378988202629507	0.0205	0.6741	0.3054
LAC_083	8708797	3307593	1486238	2694803	0	0	0	0	121116	0	0	0	0	997692	65027	36328	37.979906983708545	8708797.0	6013994.0	69.06	2694803.0	30.94	LAC_083_val_1.fq.gz	Conventional base calls	Sanger / Illumina 1.9	8708797.0	0.0	20-51	43.0	13.669852797058446	50.44753242037907	pass	pass	pass	pass	fail	warn	pass	warn	fail	fail	pass	8716558	3515335	8716558	444544458	638222	438140163	1.4406421865684356	0.0143	0.6972	0.2886
LAC_084	6587335	2230679	1438606	1999408	0	0	0	0	89061	0	0	0	0	742672	51604	35305	33.863147995357764	6587335.0	4587927.0	69.65	1999408.0	30.35	LAC_084_val_2.fq.gz	Conventional base calls	Sanger / Illumina 1.9	6587335.0	0.0	20-51	43.0	16.498084703132186	50.29700174653331	pass	pass	pass	pass	fail	warn	pass	warn	fail	fail	pass	6595266	1946753	6595266	336358566	171305	333092338	0.9710553944982628	0.0185	0.7586	0.2229
LAC_085	5853158	1809871	1604374	1583582	0	0	0	0	71414	0	0	0	0	719099	38931	25887	30.921273609904254	5853158.0	4269576.0	72.94	1583582.0	27.06	LAC_085_val_2.fq.gz	Conventional base calls	Sanger / Illumina 1.9	5853158.0	0.0	20-51	43.0	15.942477244598033	50.264749217431	pass	pass	pass	pass	fail	warn	pass	warn	fail	fail	pass	5859433	1628215	5859433	298831083	169958	296010580	0.9438452558832376	0.0171	0.7726	0.2103
LAC_086	9254033	2760857	3529089	1913341	0	0	0	0	79369	0	0	0	0	860841	61393	49143	29.83409503726645	9254033.0	7340692.0	79.32	1913341.0	20.68	LAC_086_val_2.fq.gz	Conventional base calls	Sanger / Illumina 1.9	9254033.0	0.0	20-51	42.0	11.060212978317619	50.224392759351524	pass	pass	pass	pass	fail	fail	pass	warn	fail	fail	pass	9271202	2046069	9271202	472831302	297755	469358909	0.7343830633277321	0.0121	0.8157	0.1722
LAC_087	13757713	1601337	9508791	1249018	0	0	0	0	86011	0	0	0	0	1251185	36236	25135	11.63955811550946	13757713.0	12508695.0	90.92	1249018.0	9.08	LAC_087_val_1.fq.gz	Conventional base calls	Sanger / Illumina 1.9	13757713.0	0.0	20-51	45.0	5.816176525206201	50.759746187465886	pass	pass	pass	pass	fail	fail	pass	warn	fail	fail	pass	13782936	8424693	13782936	702929736	1514839	688000114	2.1239138473436268	0.0101	0.9091	0.0808
LAC_088	13687570	1851319	6591303	2766004	0	0	0	0	104574	0	0	0	0	2312277	37682	24411	13.525549093082265	13687570.0	10921566.0	79.79	2766004.0	20.21	LAC_088_val_2.fq.gz	Conventional base calls	Sanger / Illumina 1.9	13687570.0	0.0	20-51	43.0	7.5587111290363325	50.10479939098028	pass	pass	pass	pass	fail	fail	pass	warn	fail	fail	pass	13714654	7301852	13714654	699447354	1525611	686177530	1.8971869611218803	0.0124	0.8651	0.1225
LAC_089	13458580	1372704	7959366	1393202	0	0	0	0	91204	0	0	0	0	2603500	25162	13442	10.19947126665666	13458580.0	12065378.0	89.65	1393202.0	10.35	LAC_089_val_1.fq.gz	Conventional base calls	Sanger / Illumina 1.9	13458580.0	0.0	20-51	47.0	6.552001952125795	50.629129744742755	pass	pass	pass	pass	fail	fail	pass	warn	fail	fail	pass	13487176	2996880	13487176	687845976	374955	682825998	0.7298113495106061	0.0081	0.7631	0.2288
LAC_090	10475269	1090888	5824072	1170723	0	0	0	0	65205	0	0	0	0	2282738	26977	14666	10.413937818685133	10475269.0	9304546.0	88.82	1170723.0	11.18	LAC_090_val_2.fq.gz	Conventional base calls	Sanger / Illumina 1.9	10475269.0	0.0	20-51	46.0	7.871709561377847	50.27713999516385	pass	pass	pass	pass	fail	fail	pass	warn	fail	fail	pass	10484765	2363503	10484765	534723015	309809	530889258	0.7169612850870091	0.0104	0.7828	0.2068
LAC_091	15444928	7144347	2647572	4170681	0	0	0	0	125069	0	0	0	0	812823	343455	200981	46.25691359648941	15444928.0	11274247.0	73.0	4170681.0	27.0	LAC_091_val_2.fq.gz	Conventional base calls	Sanger / Illumina 1.9	15444928.0	0.0	20-51	40.0	11.468808361806428	50.322679264027656	pass	pass	pass	pass	fail	warn	pass	warn	fail	fail	pass	15456233	4451188	15456233	788267883	399285	781781521	0.8228626511223722	0.011000000000000001	0.8134	0.1757
LAC_092	16242673	7578901	2885334	4193720	0	0	0	0	148794	0	0	0	0	867222	355012	213690	46.66042959801013	16242673.0	12048953.0	74.18	4193720.0	25.82	LAC_092_val_2.fq.gz	Conventional base calls	Sanger / Illumina 1.9	16242673.0	0.0	20-51	40.0	10.901576567052603	50.30813887591039	pass	pass	pass	pass	fail	warn	pass	warn	fail	fail	pass	16253844	7095727	16253844	828946044	1083877	817273808	1.4080815132040123	0.0105	0.8163	0.1732
LAC_093	14506662	6689920	2536148	3896780	0	0	0	0	117879	0	0	0	0	764729	330333	170873	46.11619130576007	14506662.0	10609882.0	73.14	3896780.0	26.86	LAC_093_val_1.fq.gz	Conventional base calls	Sanger / Illumina 1.9	14506662.0	0.0	20-51	42.0	9.594653581007307	50.5708071918957	pass	pass	pass	pass	fail	warn	pass	warn	fail	fail	pass	14515797	4179664	14515797	740305647	374661	734073170	0.8418788949208164	0.0115	0.8149	0.1736
LAC_094	11556857	5639096	1752608	3076714	0	0	0	0	81455	0	0	0	0	586848	262806	157330	48.794373764424016	11556857.0	8480143.0	73.38	3076714.0	26.62	LAC_094_val_2.fq.gz	Conventional base calls	Sanger / Illumina 1.9	11556857.0	0.0	20-51	40.0	12.705491946566848	50.34142128781208	pass	pass	pass	pass	fail	warn	pass	warn	fail	fail	pass	11564908	3409634	11564908	589810308	309195	584942839	0.8252600766685821	0.0097	0.8155	0.1748
LAC_095	15712500	7122869	2910317	4188831	0	0	0	0	127258	0	0	0	0	858330	316693	188202	45.332499602227536	15712500.0	11523669.0	73.34	4188831.0	26.66	LAC_095_val_2.fq.gz	Conventional base calls	Sanger / Illumina 1.9	15712500.0	0.0	20-51	40.0	10.422505965399825	50.32053288782817	pass	pass	pass	pass	fail	warn	pass	warn	fail	fail	pass	15721498	4459764	15721498	801796398	419271	795270435	0.8139177247837923	0.0108	0.8304	0.1588
LAC_096	16296203	6799410	4130197	4016899	0	0	0	0	122959	0	0	0	0	718830	310563	197345	41.723891142004064	16296203.0	12279304.0	75.35	4016899.0	24.65	LAC_096_val_2.fq.gz	Conventional base calls	Sanger / Illumina 1.9	16296203.0	0.0	20-51	42.0	10.35022562623071	50.381982600486744	pass	pass	pass	pass	fail	pass	pass	warn	fail	fail	pass	16305743	6660003	16305743	831592893	1024457	821148188	1.2559877661195933	0.0091	0.8002	0.1907
LAC_097	12386343	5742084	2264884	3217596	0	0	0	0	86258	0	0	0	0	635515	272427	167579	46.35818659308885	12386343.0	9168747.0	74.02	3217596.0	25.98	LAC_097_val_2.fq.gz	Conventional base calls	Sanger / Illumina 1.9	12386343.0	0.0	20-51	40.0	11.737336047471931	50.34578729169699	pass	pass	pass	pass	fail	warn	pass	warn	fail	fail	pass	12395384	3494883	12395384	632164584	311936	627264022	0.7752035030168662	0.0099	0.8257	0.1644
LAC_099	18214453	8393056	2755574	5271229	0	0	0	0	153328	0	0	0	0	1026912	351504	262850	46.079099932344946	18214453.0	12943224.0	71.06	5271229.0	28.94	LAC_099_val_1.fq.gz	Conventional base calls	Sanger / Illumina 1.9	18214453.0	0.0	20-51	42.0	8.832255918045139	50.57206971848125	pass	pass	pass	pass	fail	warn	pass	warn	fail	fail	pass	18228948	5356682	18228948	929676348	502362	921868637	0.8398310892598937	0.0109	0.8078	0.1813
LAC_100	12826145	5795164	2256555	3494987	0	0	0	0	133180	0	0	0	0	722733	261929	161597	45.18243010662986	12826145.0	9331158.0	72.75	3494987.0	27.25	LAC_100_val_1.fq.gz	Conventional base calls	Sanger / Illumina 1.9	12826145.0	0.0	20-51	42.0	10.1828996761094	50.55755864291258	pass	pass	pass	pass	fail	warn	pass	warn	fail	fail	pass	12835251	3715503	12835251	654597801	342212	648911046	0.8687403152458802	0.0108	0.8154	0.1738
LAC_101	12605744	4472066	1565560	5636543	0	0	0	0	152162	0	0	0	0	482791	156393	140229	35.476414561488795	12605744.0	6969201.0	55.29	5636543.0	44.71	LAC_101_val_2.fq.gz	Conventional base calls	Sanger / Illumina 1.9	12605744.0	0.0	20-51	41.0	15.70060111803328	50.44316567114166	pass	pass	pass	pass	fail	pass	pass	warn	fail	fail	pass	12623065	4137307	12623065	643776315	365288	637403439	0.9899208547304198	0.0154	0.8013	0.1833
LAC_102	11041652	3874691	1019252	5356171	0	0	0	0	97142	0	0	0	0	436197	135685	122514	35.091587744297684	11041652.0	5685481.0	51.49	5356171.0	48.51	LAC_102_val_2.fq.gz	Conventional base calls	Sanger / Illumina 1.9	11041652.0	0.0	20-51	41.0	18.368086227746545	50.459623342594035	pass	pass	pass	pass	fail	pass	pass	warn	fail	fail	pass	11047455	3690589	11047455	563420205	268995	558304783	0.9079230660533376	0.0211	0.7905	0.1884
LAC_103	10881281	579298	341030	9717247	0	0	0	0	18246	0	0	0	0	197336	17891	10233	5.323803327935378	10881281.0	1164034.0	10.7	9717247.0	89.3	LAC_103_val_1.fq.gz	Conventional base calls	Sanger / Illumina 1.9	10881281.0	0.0	20-51	39.0	20.148651629257017	50.5437222878446	pass	pass	pass	pass	fail	pass	pass	warn	fail	warn	pass	10885809	3500172	10885809	555176259	337346	550175302	0.9007872579075829	0.0247	0.7545	0.2207
LAC_104	12626659	668813	315141	11351294	0	0	0	0	18056	0	0	0	0	241931	19744	11680	5.296832677591119	12626659.0	1275365.0	10.1	11351294.0	89.9	LAC_104_val_2.fq.gz	Conventional base calls	Sanger / Illumina 1.9	12626659.0	0.0	20-51	38.0	20.785674798264857	50.409789636355896	pass	pass	pass	pass	fail	pass	pass	warn	fail	warn	pass	12634096	5255269	12634096	644338896	716781	636585709	1.2032778167096714	0.0221	0.7404	0.2374
LAC_105	10791541	1470117	1262569	7532894	0	0	0	0	29107	0	0	0	0	432994	41771	22089	13.622864426869153	10791541.0	3258647.0	30.2	7532894.0	69.8	LAC_105_val_2.fq.gz	Conventional base calls	Sanger / Illumina 1.9	10791541.0	0.0	20-51	48.0	10.772242395697589	50.4061349532935	pass	pass	pass	pass	fail	fail	pass	warn	fail	fail	pass	10797443	3205819	10797443	550669593	249074	545823389	0.8800565823143245	0.0184	0.7521	0.2295
LAC_106	13471327	2134908	1298795	9356066	0	0	0	0	39207	0	0	0	0	538934	65473	37944	15.847792871481776	13471327.0	4115261.0	30.55	9356066.0	69.45	LAC_106_val_2.fq.gz	Conventional base calls	Sanger / Illumina 1.9	13471327.0	0.0	20-51	48.0	11.222937827724321	50.43273962542814	pass	pass	pass	pass	fail	fail	pass	warn	fail	fail	pass	13479098	4068329	13479098	687433998	318621	681571985	0.8527383017212952	0.019	0.7446	0.2365
LAC_107	8383486	2404320	797093	4787574	0	0	0	0	48997	0	0	0	0	184117	91844	69541	28.67923916137034	8383486.0	3595912.0	42.89	4787574.0	57.11	LAC_107_val_2.fq.gz	Conventional base calls	Sanger / Illumina 1.9	8383486.0	0.0	20-51	45.0	18.614705852065075	50.430551682199976	pass	pass	pass	pass	fail	fail	pass	warn	fail	fail	pass	8388307	2515616	8388307	427803657	221799	424043246	0.8790039398845064	0.0096	0.8161	0.1744
LAC_108	11240764	3869221	1154842	5571426	0	0	0	0	78361	0	0	0	0	306071	146672	114171	34.421334706430976	11240764.0	5669338.0	50.44	5571426.0	49.56	LAC_108_val_1.fq.gz	Conventional base calls	Sanger / Illumina 1.9	11240764.0	0.0	20-51	45.0	14.788012798188335	50.56579908625428	pass	pass	pass	pass	fail	pass	pass	warn	fail	fail	pass	11246802	4253747	11246802	573586902	705626	566977858	1.1522306344436015	0.0104	0.8118	0.1778
LAC_109	12887274	10	139	12886635	0	0	0	0	484	0	0	0	0	5	1	0	7.759592913132755e-05	12887274.0	639.0	0.0	12886635.0	100.0	LAC_109_val_1.fq.gz	Conventional base calls	Sanger / Illumina 1.9	12887274.0	0.0	20-51	53.0	2.5364798846349146	50.68396815338915	pass	pass	pass	pass	fail	warn	pass	warn	fail	fail	pass	12893077	4519432	12893077	657546927	601949	650983581	0.9981562882431356	0.1565	0.4851	0.3584
LAC_110	12126701	5	346	12125519	0	0	0	0	816	0	0	0	0	14	1	0	4.123132911415891e-05	12126701.0	1182.0	0.01	12125519.0	99.99	LAC_110_val_1.fq.gz	Conventional base calls	Sanger / Illumina 1.9	12126701.0	0.0	20-51	53.0	2.6012607675693142	50.670816984767754	pass	pass	pass	pass	fail	warn	pass	warn	fail	fail	pass	12132714	2889617	12132714	618768414	263715	614766584	0.646741157023571	0.1345	0.4086	0.4569
LAC_111	11704519	3787434	4857654	2222781	0	0	0	0	113184	0	0	0	0	505206	133391	84869	32.35873255449455	11704519.0	9481738.0	81.01	2222781.0	18.99	LAC_111_val_2.fq.gz	Conventional base calls	Sanger / Illumina 1.9	11704519.0	0.0	20-51	44.0	11.490196732547464	50.303426309103344	pass	pass	pass	pass	fail	warn	pass	warn	fail	fail	pass	11715262	4997519	11715262	597478362	868296	588907994	1.4344231599135302	0.0094	0.789	0.2017
LAC_112	9968091	3501945	3723168	1996848	0	0	0	0	71360	0	0	0	0	467417	128487	78866	35.13155126693767	9968091.0	7971243.0	79.97	1996848.0	20.03	LAC_112_val_1.fq.gz	Conventional base calls	Sanger / Illumina 1.9	9968091.0	0.0	20-51	45.0	11.923577778034005	50.604058289596274	pass	pass	pass	pass	fail	warn	pass	warn	fail	fail	pass	9978489	4308133	9978489	508902939	820361	501751070	1.4053503039407678	0.0095	0.7955	0.195
LAC_113	11173861	5	1613	11171583	0	0	0	0	641	0	0	0	0	18	1	0	4.4747290126483585e-05	11173861.0	2278.0	0.02	11171583.0	99.98	LAC_113_val_2.fq.gz	Conventional base calls	Sanger / Illumina 1.9	11173861.0	0.0	20-51	50.0	13.13372667583261	50.48762482368449	pass	pass	pass	pass	fail	fail	pass	warn	fail	fail	pass	11181161	3142652	11181161	570239211	296371	565144732	0.8933933166514569	0.0296	0.2331	0.7373
LAC_114	12082158	7	1995	12079328	0	0	0	0	787	0	0	0	0	40	0	1	5.793666992270751e-05	12082158.0	2830.0	0.02	12079328.0	99.98	LAC_114_val_1.fq.gz	Conventional base calls	Sanger / Illumina 1.9	12082158.0	0.0	20-51	51.0	12.63589882472352	50.52751718691314	pass	pass	pass	pass	fail	warn	pass	warn	fail	fail	pass	12088710	3932739	12088710	616524210	698820	609861826	1.0806362332470285	0.0244	0.247	0.7286
LAC_115	11665332	2932935	5411567	2180479	0	0	0	0	112041	0	0	0	0	890002	90958	47350	25.142319138452297	11665332.0	9484853.0	81.31	2180479.0	18.69	LAC_115_val_1.fq.gz	Conventional base calls	Sanger / Illumina 1.9	11665332.0	0.0	20-51	46.0	10.161924966030304	50.579825846362546	pass	pass	pass	pass	fail	warn	pass	warn	fail	fail	pass	11674862	5121705	11674862	595417962	838106	586655604	1.4716314520588816	0.0122	0.7682	0.2197
LAC_116	13905413	3410523	6523243	2539023	0	0	0	0	154684	0	0	0	0	1116617	106226	55097	24.526585438346924	13905413.0	11366390.0	81.74	2539023.0	18.26	LAC_116_val_2.fq.gz	Conventional base calls	Sanger / Illumina 1.9	13905413.0	0.0	20-51	44.0	9.649231260895004	50.247346698728045	pass	pass	pass	pass	fail	fail	pass	warn	fail	fail	pass	13915356	6294984	13915356	709683156	856137	698830112	1.5292802017693654	0.0124	0.7795	0.2081
LAC_117	12982067	10	65117	12908230	0	0	0	0	7943	0	0	0	0	767	0	0	7.702933592932466e-05	12982067.0	73837.0	0.57	12908230.0	99.43	LAC_117_val_2.fq.gz	Conventional base calls	Sanger / Illumina 1.9	12982067.0	0.0	20-51	48.0	7.4190957800521025	50.37180458242898	pass	pass	pass	pass	fail	fail	pass	warn	fail	fail	pass	12988688	3523566	12988688	662423088	365805	656477632	0.8975315184062546	0.0159	0.4758	0.5083
LAC_118	13145956	3	40202	13100746	0	0	0	0	4590	0	0	0	0	415	0	0	2.282070623087435e-05	13145956.0	45210.0	0.34	13100746.0	99.66	LAC_118_val_1.fq.gz	Conventional base calls	Sanger / Illumina 1.9	13145956.0	0.0	20-51	49.0	6.294773576790366	50.58639516213199	pass	pass	pass	pass	fail	warn	pass	warn	fail	fail	pass	13151451	4624904	13151451	670724001	677658	663000545	1.1515103065470889	0.0144	0.456	0.5296
LAC_119	15135948	3880902	6842807	2959987	0	0	0	0	198659	0	0	0	0	1102485	105412	45696	25.64029686148499	15135948.0	12175961.0	80.44	2959987.0	19.56	LAC_119_val_1.fq.gz	Conventional base calls	Sanger / Illumina 1.9	15135948.0	0.0	20-51	46.0	9.04037528897596	50.53967125151328	pass	pass	pass	pass	fail	warn	pass	warn	fail	fail	pass	15148495	6623089	15148495	772573245	1057880	760733452	1.532513981894364	0.0113	0.7547	0.2341
LAC_120	11505504	3993376	3251141	2845344	0	0	0	0	121405	0	0	0	0	1134427	116520	43291	34.70839695505734	11505504.0	8660160.0	75.27	2845344.0	24.73	LAC_120_val_1.fq.gz	Conventional base calls	Sanger / Illumina 1.9	11505504.0	0.0	20-51	43.0	10.657043364985038	50.560420386625395	pass	pass	pass	pass	fail	warn	pass	warn	fail	fail	pass	11515666	5316539	11515666	587298966	903229	578098645	1.5665481352133013	0.0155	0.7865	0.198
LAC_121	10138545	3126796	2839459	2568802	0	0	0	0	208301	0	0	0	0	1185683	120652	88852	30.840677829017874	10138545.0	7569743.0	74.66	2568802.0	25.34	LAC_121_val_2.fq.gz	Conventional base calls	Sanger / Illumina 1.9	10138545.0	0.0	20-51	42.0	11.994829988949304	50.3107824643477	pass	pass	pass	pass	fail	warn	pass	warn	fail	fail	pass	10145092	2976783	10145092	517399692	142283	512536263	0.939975240650124	0.0178	0.7753	0.207
LAC_122	12546602	3664970	3471778	3208169	0	0	0	0	245295	0	0	0	0	1738598	121932	95860	29.210857250433225	12546602.0	9338433.0	74.43	3208169.0	25.57	LAC_122_val_1.fq.gz	Conventional base calls	Sanger / Illumina 1.9	12546602.0	0.0	20-51	44.0	8.832155601777798	50.5255350412805	pass	pass	pass	pass	fail	warn	pass	warn	fail	fail	pass	12555454	3601423	12555454	640328154	183789	634361508	0.931810660319646	0.0167	0.7937	0.1896
LAC_123	9559026	3190061	2058638	3028799	0	0	0	0	191040	0	0	0	0	887756	120826	81906	33.37223897079054	9559026.0	6530227.0	68.31	3028799.0	31.69	LAC_123_val_2.fq.gz	Conventional base calls	Sanger / Illumina 1.9	9559026.0	0.0	20-51	41.0	12.854695805041445	50.28893163382964	pass	pass	pass	pass	fail	warn	pass	warn	fail	fail	pass	9565497	4072879	9565497	487840347	556120	480777570	1.4477640161239065	0.0188	0.767	0.2141
LAC_124	7965079	2598597	1867123	2507051	0	0	0	0	175543	0	0	0	0	679319	74440	63006	32.624874153790564	7965079.0	5458028.0	68.52	2507051.0	31.48	LAC_124_val_1.fq.gz	Conventional base calls	Sanger / Illumina 1.9	7965079.0	0.0	20-51	43.0	10.689253225864064	50.494046198411844	pass	pass	pass	pass	fail	pass	pass	warn	fail	fail	pass	7970868	3466413	7970868	406514268	443679	400351533	1.5159947596230496	0.0173	0.7829	0.1998
LAC_125	8884643	2496736	2553328	2529341	0	0	0	0	175607	0	0	0	0	1027803	56574	45254	28.101703129771217	8884643.0	6355302.0	71.53	2529341.0	28.47	LAC_125_val_1.fq.gz	Conventional base calls	Sanger / Illumina 1.9	8884643.0	0.0	20-51	43.0	9.513407397450957	50.512680475737746	pass	pass	pass	pass	fail	pass	pass	warn	fail	fail	pass	8892240	2519931	8892240	453504240	126936	449166612	0.9564691170252344	0.0176	0.7532	0.2292
LAC_126	12214575	3606131	3080704	3706586	0	0	0	0	227777	0	0	0	0	1450473	75024	67880	29.523180298946126	12214575.0	8507989.0	69.65	3706586.0	30.35	LAC_126_val_1.fq.gz	Conventional base calls	Sanger / Illumina 1.9	12214575.0	0.0	20-51	43.0	8.584610372017906	50.4990775364677	pass	pass	pass	pass	fail	pass	pass	warn	fail	fail	pass	12224019	5089464	12224019	623424969	691062	614562903	1.4215128428710722	0.017	0.7314	0.2516
LAC_127	9893148	2457960	3583395	2033886	0	0	0	0	207603	0	0	0	0	1502580	66225	41499	24.84507459101997	9893148.0	7859262.0	79.44	2033886.0	20.56	LAC_127_val_1.fq.gz	Conventional base calls	Sanger / Illumina 1.9	9893148.0	0.0	20-51	44.0	7.9657917976823525	50.51976185942028	pass	pass	pass	pass	fail	warn	pass	warn	fail	fail	pass	9899558	4493614	9899558	504877458	489603	496839725	1.5920166116824332	0.0182	0.7456	0.2362
LAC_128	9139239	1362211	4701727	1277217	0	0	0	0	167563	0	0	0	0	1577766	35507	17248	14.905081265518934	9139239.0	7862022.0	86.02	1277217.0	13.98	LAC_128_val_1.fq.gz	Conventional base calls	Sanger / Illumina 1.9	9139239.0	0.0	20-51	46.0	7.145905415296825	50.53596803847672	pass	pass	pass	pass	fail	fail	pass	warn	fail	fail	pass	9145563	2237536	9145563	466423713	133581	462171096	0.9117497420205136	0.0162	0.7372	0.2467
LAC_129	8820221	1718450	4052713	1861661	0	0	0	0	490531	0	0	0	0	601912	50262	44692	19.48307190942268	8820221.0	6958560.0	78.89	1861661.0	21.11	LAC_129_val_1.fq.gz	Conventional base calls	Sanger / Illumina 1.9	8820221.0	0.0	20-51	46.0	9.025750149340533	50.197103111135206	pass	pass	pass	pass	fail	fail	pass	warn	fail	fail	pass	8826996	4181561	8826996	450176796	458342	439957962	2.2699601780452494	0.0237	0.816	0.1603
LAC_130	11689018	2493050	5356099	2585379	0	0	0	0	338139	0	0	0	0	777705	72159	66487	21.328138942039445	11689018.0	9103639.0	77.88	2585379.0	22.12	LAC_130_val_2.fq.gz	Conventional base calls	Sanger / Illumina 1.9	11689018.0	0.0	20-51	46.0	10.134353055401354	50.179689944869615	pass	pass	pass	pass	fail	fail	pass	warn	fail	fail	pass	11697189	3078202	11697189	596556639	159969	590100468	1.0822394015801071	0.0175	0.7827	0.1997
LAC_131	11740183	3414313	3688134	3306536	0	0	0	0	219077	0	0	0	0	917848	106102	88173	29.08228091504195	11740183.0	8433647.0	71.84	3306536.0	28.16	LAC_131_val_2.fq.gz	Conventional base calls	Sanger / Illumina 1.9	11740183.0	0.0	20-51	43.0	11.38690000935073	50.286922529231454	pass	pass	pass	pass	fail	warn	pass	warn	fail	fail	pass	11748184	3261479	11748184	599157384	151067	593749922	0.9025111171791884	0.0171	0.7787	0.2041
LAC_132	11432353	3352953	3273638	3455460	0	0	0	0	285552	0	0	0	0	886914	91506	86330	29.32863427152748	11432353.0	7976893.0	69.77	3455460.0	30.23	LAC_132_val_1.fq.gz	Conventional base calls	Sanger / Illumina 1.9	11432353.0	0.0	20-51	43.0	8.891002762176779	50.46731893250672	pass	pass	pass	pass	fail	warn	pass	warn	fail	fail	pass	11440772	4979730	11440772	583479372	645472	574265410	1.5791410017490732	0.018000000000000002	0.7889	0.193
LAC_133	11409666	1454037	6720909	2039615	0	0	0	0	452261	0	0	0	0	670471	38546	33827	12.743905036308687	11409666.0	9370051.0	82.12	2039615.0	17.88	LAC_133_val_2.fq.gz	Conventional base calls	Sanger / Illumina 1.9	11409666.0	0.0	20-51	47.0	8.700891987344766	50.02793569943239	pass	pass	pass	pass	fail	fail	pass	warn	fail	fail	pass	11416990	2892330	11416990	582266490	171734	574566343	1.3224437834298175	0.0196	0.7667	0.2137
LAC_134	12141919	1058899	8476991	1693786	0	0	0	0	238769	0	0	0	0	625357	25710	22407	8.721018481510212	12141919.0	10448133.0	86.05	1693786.0	13.95	LAC_134_val_1.fq.gz	Conventional base calls	Sanger / Illumina 1.9	12141919.0	0.0	20-51	49.0	6.11595628125292	50.53294862204236	pass	pass	pass	pass	fail	warn	pass	warn	fail	fail	pass	12150147	2893738	12150147	619657497	178457	613975864	0.916898936510406	0.0105	0.7449	0.2445
LAC_135	9252276	1901973	4281811	2011298	0	0	0	0	232667	0	0	0	0	734749	48653	41125	20.55681218329414	9252276.0	7240978.0	78.26	2011298.0	21.74	LAC_135_val_1.fq.gz	Conventional base calls	Sanger / Illumina 1.9	9252276.0	0.0	20-51	45.0	8.76562217723714	50.509826447027734	pass	pass	pass	pass	fail	fail	pass	warn	fail	fail	pass	9257904	2266724	9257904	472153104	149126	467611157	0.9619648714625416	0.0164	0.7905	0.1931
LAC_136	10750661	1419125	6856698	1674963	0	0	0	0	168027	0	0	0	0	569421	32123	30304	13.200351122596093	10750661.0	9075698.0	84.42	1674963.0	15.58	LAC_136_val_1.fq.gz	Conventional base calls	Sanger / Illumina 1.9	10750661.0	0.0	20-51	48.0	7.27484743627986	50.56703080861725	pass	pass	pass	pass	fail	warn	pass	warn	fail	fail	pass	10757181	2595753	10757181	548616231	162604	543950970	0.8503687525788861	0.0098	0.7589	0.2313
LAC_137	11328311	3017139	4028669	2696242	0	0	0	0	311297	0	0	0	0	1117027	87756	70181	26.633617315061354	11328311.0	8632069.0	76.2	2696242.0	23.8	LAC_137_val_1.fq.gz	Conventional base calls	Sanger / Illumina 1.9	11328311.0	0.0	20-51	45.0	9.780339261626908	50.41561562001608	pass	pass	pass	pass	fail	warn	pass	warn	fail	fail	pass	11335367	4809556	11335367	578103717	552181	568694424	1.6276133024759636	0.0162	0.7709999999999999	0.2129
LAC_138	10227036	2388045	4077477	2424849	0	0	0	0	122275	0	0	0	0	1099579	61450	53361	23.350313815263767	10227036.0	7802187.0	76.29	2424849.0	23.71	LAC_138_val_2.fq.gz	Conventional base calls	Sanger / Illumina 1.9	10227036.0	0.0	20-51	44.0	11.29498019305983	50.3400102434371	pass	pass	pass	pass	fail	warn	pass	warn	fail	fail	pass	10233411	2851371	10233411	521903961	135728	517530989	0.8378882566097251	0.0115	0.7659999999999999	0.2225
LAC_139	10903800	3603124	2727238	3155950	0	0	0	0	256947	0	0	0	0	970898	95683	93960	33.04466332838093	10903800.0	7747850.0	71.06	3155950.0	28.94	LAC_139_val_1.fq.gz	Conventional base calls	Sanger / Illumina 1.9	10903800.0	0.0	20-51	43.0	10.827200507362138	50.473648911388686	pass	pass	pass	pass	fail	pass	pass	warn	fail	fail	pass	10910736	3268536	10910736	556447536	157588	550698808	1.0331123112386285	0.0161	0.7607	0.2233
LAC_140	9688347	2732423	3173341	2675550	0	0	0	0	209058	0	0	0	0	758940	70376	68659	28.20319090552805	9688347.0	7012797.0	72.38	2675550.0	27.62	LAC_140_val_2.fq.gz	Conventional base calls	Sanger / Illumina 1.9	9688347.0	0.0	20-51	44.0	12.294389275783667	50.27462342131222	pass	pass	pass	pass	fail	warn	pass	warn	fail	fail	pass	9694892	4139766	9694892	494439492	515205	487143850	1.4755378803762704	0.0153	0.7785	0.2062
LAC_141	8404133	3105036	1149353	2598283	0	0	0	0	152897	0	0	0	0	1227679	83901	86984	36.94653571046532	8404133.0	5805850.0	69.08	2598283.0	30.92	LAC_141_val_2.fq.gz	Conventional base calls	Sanger / Illumina 1.9	8404133.0	0.0	20-51	42.0	14.038027601817086	50.379735423035314	pass	pass	pass	pass	fail	pass	pass	warn	fail	fail	pass	8411289	2724154	8411289	428975739	118330	424900095	0.9500872961955548	0.013999999999999999	0.7312	0.2548
LAC_142	10444800	3374723	2219579	2944895	0	0	0	0	272275	0	0	0	0	1446063	94570	92695	32.31007774203432	10444800.0	7499905.0	71.81	2944895.0	28.19	LAC_142_val_2.fq.gz	Conventional base calls	Sanger / Illumina 1.9	10444800.0	0.0	20-51	43.0	12.409335807442806	50.24416427313113	pass	pass	pass	pass	fail	warn	pass	warn	fail	fail	pass	10451094	3236187	10451094	533005794	151058	526988375	1.1289593973907157	0.0167	0.7732	0.2101
LAC_143	10530476	4190426	1371770	3366923	0	0	0	0	186395	0	0	0	0	1190200	119166	105596	39.793319884115405	10530476.0	7163553.0	68.03	3366923.0	31.97	LAC_143_val_2.fq.gz	Conventional base calls	Sanger / Illumina 1.9	10530476.0	0.0	20-51	42.0	13.090068808147944	50.37755092932171	pass	pass	pass	pass	fail	pass	pass	warn	fail	fail	pass	10538443	3331498	10538443	537460593	140153	532578720	0.9083220358073768	0.0139	0.7369	0.2492
LAC_144	10401714	3712024	1851754	3287029	0	0	0	0	177341	0	0	0	0	1180997	108323	84246	35.686657025947845	10401714.0	7114685.0	68.4	3287029.0	31.6	LAC_144_val_2.fq.gz	Conventional base calls	Sanger / Illumina 1.9	10401714.0	0.0	20-51	41.0	13.207302195234178	50.33827078883346	pass	pass	pass	pass	fail	pass	pass	warn	fail	fail	pass	10410223	3214055	10410223	530921373	134246	526035598	0.920244550034342	0.015	0.7408	0.2442
LAC_145	8892351	2026822	2644053	2186537	0	0	0	0	93462	0	0	0	0	1828582	66995	45900	22.792869962060646	8892351.0	6705814.0	75.41	2186537.0	24.59	LAC_145_val_1.fq.gz	Conventional base calls	Sanger / Illumina 1.9	8892351.0	0.0	20-51	43.0	8.324428750586787	50.58171511673346	pass	pass	pass	pass	fail	warn	pass	warn	fail	fail	pass	8899239	2538153	8899239	453861189	107476	450135284	0.8209349224615017	0.0206	0.7393	0.2401
LAC_146	7079192	1095987	3084559	1496179	0	0	0	0	107584	0	0	0	0	1235108	36959	22816	15.4818092234255	7079192.0	5583013.0	78.87	1496179.0	21.13	LAC_146_val_1.fq.gz	Conventional base calls	Sanger / Illumina 1.9	7079192.0	0.0	20-51	45.0	8.053283574617867	50.581528654682614	pass	pass	pass	pass	fail	fail	pass	warn	fail	fail	pass	7085320	3202723	7085320	361351320	408087	355705434	1.5624367997327364	0.0263	0.784	0.1897
LAC_147	8951201	2198218	3152200	2095035	0	0	0	0	118371	0	0	0	0	1272797	65797	48783	24.557799562315715	8951201.0	6856166.0	76.59	2095035.0	23.41	LAC_147_val_1.fq.gz	Conventional base calls	Sanger / Illumina 1.9	8951201.0	0.0	20-51	45.0	7.8231268500853215	50.56062354090808	pass	pass	pass	pass	fail	warn	pass	warn	fail	fail	pass	8957993	3603284	8957993	456857643	484616	450927866	1.2979485165360358	0.0228	0.741	0.2362
LAC_148	7202083	1844108	2187316	1816249	0	0	0	0	87920	0	0	0	0	1172021	56077	38392	25.60520338352113	7202083.0	5385834.0	74.78	1816249.0	25.22	LAC_148_val_2.fq.gz	Conventional base calls	Sanger / Illumina 1.9	7202083.0	0.0	20-51	42.0	11.376903517075442	50.36075035514031	pass	pass	pass	pass	fail	pass	pass	warn	fail	fail	pass	7207561	2151754	7207561	367585611	76918	364417633	0.8618340612902826	0.022000000000000002	0.7355	0.2425
LAC_149	7776175	2435060	1836004	2539025	0	0	0	0	148209	0	0	0	0	659031	95685	63161	31.314367282114922	7776175.0	5237150.0	67.35	2539025.0	32.65	LAC_149_val_1.fq.gz	Conventional base calls	Sanger / Illumina 1.9	7776175.0	0.0	20-51	43.0	9.274558575992936	50.536069854394995	pass	pass	pass	pass	fail	fail	pass	warn	fail	fail	pass	7781008	3293269	7781008	396831408	384394	391302141	1.3933541772479865	0.0287	0.7709	0.2004
LAC_150	7859629	2428721	2032226	2501444	0	0	0	0	116570	0	0	0	0	627039	87042	66587	30.901216838606505	7859629.0	5358185.0	68.17	2501444.0	31.83	LAC_150_val_2.fq.gz	Conventional base calls	Sanger / Illumina 1.9	7859629.0	0.0	20-51	42.0	12.393238316952527	50.35427448293043	pass	pass	pass	pass	fail	pass	pass	warn	fail	fail	pass	7864490	3294078	7864490	401088990	402380	395816301	1.3145933025985082	0.0226	0.7608	0.2165
LAC_151	7914079	2494187	1952857	2434188	0	0	0	0	108269	0	0	0	0	789988	84975	49615	31.515821360893675	7914079.0	5479891.0	69.24	2434188.0	30.76	LAC_151_val_2.fq.gz	Conventional base calls	Sanger / Illumina 1.9	7914079.0	0.0	20-51	42.0	11.620516369767008	50.37947220390395	pass	pass	pass	pass	fail	pass	pass	warn	fail	fail	pass	7919442	2351401	7919442	403891542	112883	400527631	0.8328748315308866	0.0259	0.7205	0.2537
LAC_152	6726190	1647881	2435793	1794326	0	0	0	0	104800	0	0	0	0	658214	53675	31501	24.499471468989128	6726190.0	4931864.0	73.32	1794326.0	26.68	LAC_152_val_2.fq.gz	Conventional base calls	Sanger / Illumina 1.9	6726190.0	0.0	20-51	43.0	11.252158876864684	50.31837221369007	pass	pass	pass	pass	fail	warn	pass	warn	fail	fail	pass	6731338	2867747	6731338	343298238	370006	338504883	1.3962655409842215	0.027000000000000003	0.7516	0.2214
LAC_153	7093571	24370	93308	6946438	0	0	0	0	3821	0	0	0	0	24094	1036	504	0.34355051919548	7093571.0	147133.0	2.07	6946438.0	97.93	LAC_153_val_2.fq.gz	Conventional base calls	Sanger / Illumina 1.9	7093571.0	0.0	20-51	44.0	5.2165934276469335	50.450501869932644	pass	pass	pass	pass	fail	pass	pass	warn	fail	warn	pass	7097419	2684882	7097419	361968369	316525	357914859	1.1198519945813274	0.0296	0.7468	0.2236
LAC_154	5976979	19137	112026	5817726	0	0	0	0	5349	0	0	0	0	21714	687	340	0.3201784714318053	5976979.0	159253.0	2.66	5817726.0	97.34	LAC_154_val_1.fq.gz	Conventional base calls	Sanger / Illumina 1.9	5976979.0	0.0	20-51	45.0	3.323629823716176	50.49457209068327	pass	pass	pass	pass	fail	fail	pass	warn	fail	fail	pass	5980342	2066643	5980342	304997442	88259	301974010	0.9912974942261976	0.034	0.7598	0.2063
LAC_155	7498249	2293252	1619388	2267356	0	0	0	0	91303	0	0	0	0	1097583	75601	53766	30.583833639026928	7498249.0	5230893.0	69.76	2267356.0	30.24	LAC_155_val_1.fq.gz	Conventional base calls	Sanger / Illumina 1.9	7498249.0	0.0	20-51	43.0	9.341076800676133	50.55807522529592	pass	pass	pass	pass	fail	pass	pass	warn	fail	fail	pass	7504129	3048276	7504129	382710579	467880	377816636	1.2787582231950791	0.0231	0.7381	0.2389
LAC_156	8002969	2291399	1945680	2298348	0	0	0	0	117241	0	0	0	0	1227024	75116	48161	28.631861500400664	8002969.0	5704621.0	71.28	2298348.0	28.72	LAC_156_val_1.fq.gz	Conventional base calls	Sanger / Illumina 1.9	8002969.0	0.0	20-51	43.0	9.335025290844197	50.54912807984137	pass	pass	pass	pass	fail	fail	pass	warn	fail	fail	pass	8009068	3346969	8009068	408462468	431072	402931083	1.3541966357604245	0.0292	0.7635	0.2073
LAC_157	6214295	1686622	1575064	1855610	0	0	0	0	90566	0	0	0	0	898002	68570	39861	27.141003122639013	6214295.0	4358685.0	70.14	1855610.0	29.86	LAC_157_val_1.fq.gz	Conventional base calls	Sanger / Illumina 1.9	6214295.0	0.0	20-51	43.0	9.209171435739306	50.55337701219527	pass	pass	pass	pass	fail	pass	pass	warn	fail	fail	pass	6217800	1889886	6217800	317107800	90993	314329334	0.8761897373700679	0.0245	0.7352	0.2403
LAC_158	7367138	2158749	1730373	2145778	0	0	0	0	112437	0	0	0	0	1082952	82913	53936	29.302410243978056	7367138.0	5221360.0	70.87	2145778.0	29.13	LAC_158_val_2.fq.gz	Conventional base calls	Sanger / Illumina 1.9	7367138.0	0.0	20-51	42.0	12.638089337646965	50.38457512265957	pass	pass	pass	pass	fail	pass	pass	warn	fail	fail	pass	7372052	2941243	7372052	375974652	395334	371240268	1.259229571678678	0.0242	0.7339	0.2419
LAC_159	6648966	1889205	2381649	1713954	0	0	0	0	96071	0	0	0	0	463794	59470	44823	28.41351572560305	6648966.0	4935012.0	74.22	1713954.0	25.78	LAC_159_val_2.fq.gz	Conventional base calls	Sanger / Illumina 1.9	6648966.0	0.0	20-51	43.0	14.171311095628553	50.37418645244989	pass	pass	pass	pass	fail	warn	pass	warn	fail	fail	pass	6653092	1902875	6653092	339307692	92144	336504142	0.8262559517807808	0.0207	0.7444	0.235
LAC_160	6424715	1451794	2631138	1599552	0	0	0	0	117932	0	0	0	0	544935	46870	32494	22.597017922195768	6424715.0	4825163.0	75.1	1599552.0	24.9	LAC_160_val_2.fq.gz	Conventional base calls	Sanger / Illumina 1.9	6424715.0	0.0	20-51	44.0	13.651665247654073	50.27724700628744	pass	pass	pass	pass	fail	warn	pass	warn	fail	fail	pass	6429738	1593056	6429738	327916638	87441	325265516	0.808474378174126	0.0314	0.7874	0.1812
LAC_161	6390108	2033150	1593967	2053168	0	0	0	0	99495	0	0	0	0	497874	65896	46558	31.81714612648175	6390108.0	4336940.0	67.87	2053168.0	32.13	LAC_161_val_2.fq.gz	Conventional base calls	Sanger / Illumina 1.9	6390108.0	0.0	20-51	42.0	15.008689586913555	50.359403158757246	pass	pass	pass	pass	fail	pass	pass	warn	fail	fail	pass	6394377	2626640	6394377	326113227	334001	321847357	1.3080947495576436	0.025	0.7527	0.2222
LAC_162	7706571	1960105	2705534	2134146	0	0	0	0	139899	0	0	0	0	664493	59379	43015	25.43420413566552	7706571.0	5572425.0	72.31	2134146.0	27.69	LAC_162_val_2.fq.gz	Conventional base calls	Sanger / Illumina 1.9	7706571.0	0.0	20-51	43.0	12.138577961230768	50.285212190999076	pass	pass	pass	pass	fail	warn	pass	warn	fail	fail	pass	7711296	3363811	7711296	393276096	356132	387577340	1.4490471345606522	0.03	0.7754	0.1946
